Apparel,Beauty_Personal_Care,Financial_Services,Food_Beverage,Home Improvement,Tech_Electronics,Vehicle_Transportation
giftsforher,pressons,cryptok,bajablast,christmasdecor,olight,usmilitary
chanel,sephorasale,cpa,brisket,christmaslights,karaokemachine,sema
valentino,fallnailinspo,entreprenuer,chillis,holidaydecor,homeappliances,volvo
hsia,eyeshadowtutorial,sidemoney,mashedpotatoes,lifeessentials,ssd,truckparts
prada,mikaylanogueira,creativeentrepreneur,breakfasttime,dailynecessities,creatorgear,taxi
christmashaul,hairextensionspecialist,refunds,macncheese,creativeitems,acer,cartools
allblackfit,beetlesgelpolish,investors,cleanenergy,diffuser,celulares,whistlindiesel
pulloverhoodie,installation,usdt套利,decompress,qvc,buds,sema2025
,oddlysatifying,financialadvisor,huevos,christmasvillage,ankershop,chery
,povbeauty,propfirm,sweetslime,holidaydecorating,homeelectrical,toolkit
,handmadesoap,inflacion,speakeasy,deko,galaxys25ultra,slammedenuff
,crushing,reclaimyourtime,cookiedough,candletok,plantaelectrica,semashow
,curlstymo,vendedores,christmascoffee,holidayhome,calentador,plate
,грвм,childtaxcredit,champurrado,cif,cincom,vintagecars
,naturallashes,retirementplan,charcuterieboard,jellybed,binoculars,corvettec8
,locretwist,ultabeautypartner,cutwaters,señoralife,wifibooster,sheetz
,langehair,稳定币,charcuterieboardsoftiktok,hostingtips,minitheater,zr1corvette
,bathandbodyworkshaul,adytips,shakeshack,cloudcouch,zornher,lavadora
,lange,跨境网络,simmerpot,grinchtree,levoitairpurifier,rideon
,glitternails,hims,gamedayfood,outdoorchristmasdecor,tuffenough,compitition
,mesquitetx,taxreform,,carpetcleaner,,intruder
,,aiagency,,xmasdecor,,oldladyontiktok
,,financialdiscipline,,tabledecor,,engineeringmarvel
,,budgetlife,,,,yozma
,,搭建节点,,,,نانو
,,金融理财,,,,windshieldcleaner
,,美股分析,,,,duckduckjeep
,,busines,,,,carknowledge
,,sellerfinancing,,,,portablejumpstarter
,,搭建独享节点教程,,,,
,,数字资产,,,,
,,泰达币,,,,
