Apparel & Accessories_hashtag,Apparel & Accessories_rank_today,Apparel & Accessories_rank_prev_state,Apparel & Accessories_rank_delta,Appliances_hashtag,Appliances_rank_today,Appliances_rank_prev_state,Appliances_rank_delta,Apps_hashtag,Apps_rank_today,Apps_rank_prev_state,Apps_rank_delta,"Baby, Kids & Maternity_hashtag","Baby, Kids & Maternity_rank_today","Baby, Kids & Maternity_rank_prev_state","Baby, Kids & Maternity_rank_delta",Beauty & Personal Care_hashtag,Beauty & Personal Care_rank_today,Beauty & Personal Care_rank_prev_state,Beauty & Personal Care_rank_delta,Business Services_hashtag,Business Services_rank_today,Business Services_rank_prev_state,Business Services_rank_delta,E-Commerce (Non-app)_hashtag,E-Commerce (Non-app)_rank_today,E-Commerce (Non-app)_rank_prev_state,E-Commerce (Non-app)_rank_delta,Education_hashtag,Education_rank_today,Education_rank_prev_state,Education_rank_delta,Financial Services_hashtag,Financial Services_rank_today,Financial Services_rank_prev_state,Financial Services_rank_delta,Food & Beverage_hashtag,Food & Beverage_rank_today,Food & Beverage_rank_prev_state,Food & Beverage_rank_delta,Games_hashtag,Games_rank_today,Games_rank_prev_state,Games_rank_delta,Health_hashtag,Health_rank_today,Health_rank_prev_state,Health_rank_delta,Home Improvement_hashtag,Home Improvement_rank_today,Home Improvement_rank_prev_state,Home Improvement_rank_delta
glasses,21,1,-20,black friday,1,1,0,for free,1,1,0,baby,1,1,0,wig,1,1,0,learn more,1,1,0,shop now,1,1,0,speak like a leader,1,1,0,rated bbb,1,1,0,protein coffee,1,1,0,join the challenge now,140,161,21,dental implants,1,1,0,free shipping,1,1,0
sunglass,22,2,-20,humidifier,2,2,0,free,2,2,0,kids,2,2,0,great deal,2,2,0,grow your,2,2,0,free shipping,2,2,0,learn more,2,2,0,car insurance,2,2,0,tea,2,2,0,clear tiles unlock bigger wins,141,162,21,collagen,2,2,0,mattress,2,2,0
casual,23,3,-20,vacuum,3,3,0,download now,3,3,0,diaper bag,3,3,0,makeup,3,3,0,go viral,3,3,0,join now,3,3,0,100% online,3,3,0,apply now,3,3,0,coffee,3,3,0,best puzzle game,142,163,21,permanent teeth are 24hrs away,3,3,0,50% off,3,3,0
boots,24,4,-20,camera,4,4,0,try it,4,4,0,your kids,4,4,0,lash,4,4,0,try promote,4,4,0,for spring,4,4,0,parents,4,4,0,try this,4,4,0,fish and chips,4,4,0,parkour like a beast,143,164,21,women,4,4,0,blanket,4,4,0
sunglasses,25,5,-20,blender,5,5,0,this app,5,5,0,20 % off,5,5,0,lashes,5,5,0,for free,5,5,0,limited time,5,5,0,become a certified ai master,5,5,0,get results instantly,5,5,0,candy,5,5,0,rule the urban street,144,165,21,permanent teeth,5,5,0,shop now,5,5,0
sweatpants,26,6,-20,juicer,6,6,0,try it now,6,6,0,your baby,6,6,0,free shipping,6,6,0,tiktok promote,6,6,0,50 %off,6,6,0,learn how,6,6,0,offer expires today,6,6,0,50 %off,6,6,0,be the best banker,145,166,21,learn more,6,6,0,sofa,6,6,0
earrings,27,7,-20,buy now,7,7,0,click to,7,7,0,for kids,7,7,0,amazing deal,7,7,0,your business,7,7,0,winter,7,7,0,high school,7,7,0,for free,7,7,0,free shipping,7,7,0,raise virtual pets,146,167,21,for free,7,7,0,bed,7,7,0
oversized,28,8,-20,great deal,8,8,0,continue watching,8,8,0,toys,8,8,0,shampoo,8,8,0,grow your tiktok fast,8,8,0,up to 40% off,8,8,0,ai tutor,8,8,0,get results,8,8,0,cookie,8,8,0,start now,147,168,21,men,8,8,0,save up to 66%,8,8,0
denim,29,9,-20,fan,9,9,0,it now,9,9,0,toy,9,9,0,acne,9,9,0,24 hours,9,9,0,live now,9,9,0,free workshop,9,9,0,do this,9,9,0,get 50% off,9,9,0,relaxing game,148,169,21,fda approved,9,9,0,your home,9,9,0
cute,30,10,-20,drone,10,10,0,try this,10,10,0,for babies,10,10,0,wigs,10,10,0,more followers,10,10,0,20 % off,10,10,0,learna ai,10,10,0,credit check,10,10,0,first order,10,10,0,most people,149,170,21,great deal,10,10,0,40% off,10,10,0
womensfashion,31,11,-20,free shipping,11,11,0,try now,11,11,0,baby clothes,11,11,0,women,11,11,0,cleaning jobs,11,11,0,get 15% off,11,11,0,product marketing,11,11,0,your home,11,11,0,your first order,11,11,0,your friends,150,171,21,e27 liquid collagen,11,11,0,bed frame,11,11,0
tshirt,32,12,-20,black friday sale,12,12,0,watch more,12,12,0,shop now,12,12,0,wrinkles,12,12,0,quick & easy,12,12,0,for a limited time,12,12,0,earn your degree,12,12,0,boost your credit,12,12,0,chocolate,12,12,0,survival game,151,172,21,probiotics,12,12,0,camera,12,12,0
sneakers,33,13,-20,digitalcamera,13,13,0,try boo now,13,13,0,baby monitor,13,13,0,men,13,13,0,video views,13,13,0,winter sale,13,13,0,free trial,13,13,0,learn more,13,13,0,zero sugar,13,13,0,new amazing game,152,173,21,affordable dental implants,13,13,0,shower filter,13,13,0
winter,34,14,-20,at home,14,14,0,get your,14,14,0,free shipping,14,14,0,black friday,14,14,0,professional delivery services,14,14,0,black friday,14,14,0,apply today,14,14,0,apply today,14,14,0,clears morning grogginess,14,14,0,action pvp shooter,153,174,21,24 hours,14,14,0,pillows,14,14,0
gold,35,15,-20,massager,15,15,0,this game,15,15,0,baby carrier,15,15,0,hairgrowth,15,15,0,click to learn more,15,15,0,new arrivals,15,15,0,help you,15,15,0,do this instead,15,15,0,gummy,15,15,0,rescue survivors,154,175,21,for the new patients,15,15,0,professional painting services,15,15,0
buy 1 get 1 free,36,16,-20,bluetoothspeaker,16,16,0,free episodes,16,16,0,mattress,16,16,0,perfumetiktok,16,16,0,promote it today,16,16,0,15% off,16,16,0,apply now,16,16,0,get approved,16,16,0,meal prep,16,16,0,"5,000,000 free coins",155,176,21,free shipping,16,16,0,limited time,16,16,0
lens,37,17,-20,vacuum cleaner,17,17,0,sign up,17,17,0,limited time,17,17,0,perfumes,17,17,0,swipe left to learn more,17,17,0,don’t miss out,17,17,0,free,17,17,0,your car,17,17,0,limited time,17,17,0,best burger chef in town,156,177,21,"adjustment, exam and consultation",17,17,0,day sale,17,17,0
shorts,38,18,-20,steam cleaner,18,18,0,new app,18,18,0,moms,18,18,0,good deal,18,18,0,help you,18,18,0,best-selling,18,18,0,dental assistant,18,18,0,most americans,18,18,0,off your first order,18,18,0,this app,157,178,21,help you,18,18,0,right now,18,18,0
lenses,39,19,-20,hair dryer,19,19,0,watch now,19,19,0,playmat,19,19,0,deodorant,19,19,0,smart wardrobe upgrade plan,19,19,0,heritage british styles,19,19,0,sign up,19,19,0,need cash,19,19,0,gummies,19,19,0,win big,158,179,21,your $29* voucher,19,19,0,comforter,19,19,0
jacket,40,20,-20,laser beauty treatments,20,20,0,download the,20,20,0,,,,,limited time,20,20,0,get started,20,20,0,use code,20,20,0,learn more today,20,20,0,apply in minutes,20,20,0,start your day,20,20,0,can you survive,159,180,21,weight loss,20,20,0,rug,20,20,0
black friday,41,21,-20,amazing deal,21,21,0,go viral,21,21,0,,,,,50 %off,21,21,0,professional cleaning service job,21,21,0,shop until you drop,21,21,0,discover how,21,21,0,auto insurance,21,21,0,dubai,21,21,0,get lost,181,202,21,madmuscles,21,21,0,rugs,21,21,0
dresses,42,22,-20,right now,22,22,0,new app users,22,22,0,,,,,dark spots,22,22,0,learn more about,22,22,0,for new app users,22,22,0,trading class,22,22,0,insurance,22,22,0,health tea,22,22,0,clear the board,182,203,21,new patients,22,22,0,christmas,22,22,0
black,43,23,-20,mini,23,23,0,for new app users,23,23,0,,,,,serum,23,23,0,roofing contractors,23,23,0,new app,23,23,0,starts here,23,23,0,emergency loan,23,23,0,get 50%,23,23,0,for office workers,183,204,21,exam and consultation,23,23,0,lights,23,23,0
top,44,24,-20,your home,24,24,0,learna ai,24,24,0,,,,,permanent teeth are 24hrs away,24,24,0,grow your business,24,24,0,new app users,24,24,0,get started,24,24,0,"5,000 same day loans",24,24,0,hot honey,24,24,0,got lucky on level 1,184,205,21,ed medication,24,24,0,mattresspad,24,24,0
summer,45,25,-20,limited time,25,25,0,click to see more,25,25,0,,,,,all day,25,25,0,get your,25,25,0,watch it live,25,25,0,your child,25,25,0,5000 cash,25,25,0,use code,25,25,0,thousands of music,185,206,21,liquid collagen,25,25,0,chair,25,25,0
hoodies,46,26,-20,shop now,26,26,0,tap to play,26,26,0,,,,,pressonnail,26,26,0,legal consultation services,26,26,0,don’t miss,26,26,0,from home,26,26,0,see how,26,26,0,protein bar,26,26,0,fight and test your skill,186,207,21,buy now,26,26,0,changed my skin,26,26,0
for any occasion,47,27,-20,shopblackfriday,27,27,0,get paid,27,27,0,,,,,try this,27,27,0,promote your content,27,27,0,get 1 free,27,27,0,medical assistant,27,27,0,bad credit,27,27,0,order now,27,27,0,your phone,187,208,21,see why,27,27,0,purple,27,27,0
flash sale,48,28,-20,curling iron,28,28,0,ai tutor,28,28,0,,,,,hair loss,28,28,0,find out,28,28,0,stock up,28,28,0,enroll now,28,28,0,save big,28,28,0,electrolytes,28,28,0,create your own,188,209,21,full size,28,28,0,living room,28,28,0
sweatshirt,49,29,-20,this black friday,29,29,0,watch more episodes,29,29,0,,,,,permanent teeth,29,29,0,click to,29,29,0,join our livestream now,29,29,0,financial aid,29,29,0,no credit check,29,29,0,great deal,29,29,0,click to,189,210,21,try it,29,29,0,shopblackfriday,29,29,0
cotton,50,30,-20,vacuumsealer,30,30,0,play this,30,30,0,,,,,get it,30,30,0,construction software,30,30,0,join us live now,30,30,0,hs diploma,30,30,0,see if you,30,30,0,try it,30,30,0,please help,190,211,21,permanent teeth in 24 hours,30,30,0,luxury bedding,30,30,0
leather,51,31,-20,hairtools,31,31,0,play this game,31,31,0,,,,,wonderful deal,31,31,0,schedule a tour,31,31,0,are here,31,31,0,learn spanish,31,31,0,need cash fast,31,31,0,made easy,31,31,0,can you solve them all,191,212,21,glp-1,31,31,0,smartcamera,31,31,0
for women,52,32,-20,thermal brush,32,32,0,found my perfect hairstyle,32,32,0,,,,,eyelash,32,32,0,cleaning services,32,32,0,off white,32,32,0,for free,32,32,0,apply now for more details,32,32,0,check the,32,32,0,get a free,192,213,21,29* voucher,32,32,0,furniture,32,32,0
backpack,53,33,-20,neckmassager,33,33,0,now for free,33,33,0,,,,,shop now,33,33,0,your free,33,33,0,miss out,33,33,0,make it,33,33,0,get up,33,33,0,that's it,33,33,0,simulation,193,214,21,claim your $29,33,33,0,mattresses,33,33,0
sandals,54,34,-20,stock up,34,34,0,start your free trial today,34,34,0,,,,,eyelashes,34,34,0,tour today,34,34,0,sale is live,34,34,0,your children,34,34,0,click to learn more,34,34,0,always free,34,34,0,win today,194,215,21,your $29,34,34,0,20 % off,34,34,0
loungewear,55,35,-20,christmas,35,35,0,50 %off,35,35,0,,,,,concealer,35,35,0,the right,35,35,0,mask,35,35,0,online hs diploma,35,35,0,stop overpaying,35,35,0,right now,35,35,0,tap to build,195,216,21,micro ingredients,35,35,0,great deal,35,35,0
limited time,56,36,-20,don’t miss,36,36,0,see more,36,36,0,,,,,4 free gifts,36,36,0,contact us,36,36,0,bag,36,36,0,,,,,debt relief,36,36,0,teasathome,36,36,0,download and play,196,217,21,for women,36,36,0,winter,36,36,0
90% off,57,37,-20,air fryer,37,37,0,download now and try it,37,37,0,,,,,for women,37,37,0,100 % free,37,37,0,catch this live,37,37,0,,,,,sign up,37,37,0,neuro gum,37,37,0,hit the,197,218,21,gummy,37,37,0,wake up,37,37,0
seamlessbra,58,38,-20,air purifier,38,38,0,free trial,38,38,0,,,,,24 hours,38,38,0,apply today,38,38,0,lose track,38,38,0,,,,,refinance your home,38,38,0,high-quality,38,38,0,free gift,198,219,21,gummies,38,38,0,amazing deal,38,38,0
purse,59,39,-20,good deal,39,39,0,real time,39,39,0,,,,,eye cream,39,39,0,in style,39,39,0,off sitewide,39,39,0,,,,,available now,39,39,0,stress-free,39,39,0,play and win,199,220,21,lose weight,39,39,0,office chair,39,39,0
all day,60,40,-20,don’t miss out,40,40,0,loved ones,40,40,0,,,,,shopblackfriday,40,40,0,window contractors,40,40,0,shop before it’s gone,40,40,0,,,,,own your home,40,40,0,delicious meals made simple,40,40,0,right now,200,221,21,free consultation,40,40,0,chainsaw,40,40,0
jumpsuit,61,41,-20,every time,41,41,0,watch out,41,41,0,,,,,check the,41,41,0,gelpen,41,41,0,flash sale,41,41,0,,,,,pet insurance,41,41,0,free meal,41,41,0,adventure,201,222,21,dental implant clinics,41,41,0,bamboo,41,41,0
plussizefashion,62,42,-20,nugget ice maker,42,42,0,tap to,42,42,0,,,,,perfumetok,42,42,0,see the link,42,42,0,first order,42,42,0,,,,,for car,42,42,0,for a limited time,42,42,0,the top,202,223,21,support your daily glucose balance,42,42,0,sofabed,42,42,0
cloth,63,43,-20,coffee maker,43,43,0,fun ai filters,43,43,0,,,,,summer,43,43,0,professional painting services,43,43,0,code ae15,43,43,0,,,,,for car insurance,43,43,0,peanut butter,43,43,0,solve it,203,224,21,5 star reviews,43,43,0,bath filter,43,43,0
bras,64,44,-20,diffuser,44,44,0,short dramas,44,44,0,,,,,flash sale,44,44,0,start investing,44,44,0,shop our,44,44,0,,,,,help you,44,44,0,olive oil,44,44,0,build your own,204,225,21,amazing deal,44,44,0,check out,44,44,0
15% off,65,45,-20,knee pain,45,45,0,exciting content,45,45,0,,,,,sunscreen,45,45,0,free shipping,45,45,0,free gift,45,45,0,,,,,life insurance,45,45,0,try now,45,45,0,click to play,205,226,21,your door,45,45,0,mattress topper,45,45,0
stylish,66,46,-20,speakers,46,46,0,credit check,46,46,0,,,,,foundation,46,46,0,5 minutes,46,46,0,clearance sale,46,46,0,,,,,credit cards,46,46,0,no sugar,46,46,0,want to play,206,227,21,calms your prostate down,46,46,0,neckpain,46,46,0
clothes,67,47,-20,,,,,free up,47,47,0,,,,,human hair,47,47,0,roofing as your new path,47,47,0,your first order,47,47,0,,,,,home insurance,47,47,0,snacks,47,47,0,clear all the tiles,207,228,21,stethoscope,47,47,0,washable rugs,47,47,0
plus size,68,48,-20,,,,,start your free trial,48,48,0,,,,,try it,48,48,0,link in bio,48,48,0,your door,48,48,0,,,,,qualify today,48,48,0,amazing deal,48,48,0,minutes a day,208,229,21,weekly dose,48,48,0,ergonomicchair,48,48,0
tee,69,49,-20,,,,,free download,49,49,0,,,,,70% off,49,49,0,apartment rental,49,49,0,discover more,49,49,0,,,,,link below,49,49,0,get your,49,49,0,this game mocks me,209,230,21,for free services,49,49,0,for real,49,49,0
spring,70,50,-20,,,,,that's impossible,50,50,0,,,,,nskincare,50,50,0,schedule a tour today,50,50,0,swipe left to learn more,50,50,0,,,,,see if you qualify,50,50,0,help you,50,50,0,claim the red planet,210,231,21,reach out for free services,50,50,0,posters,50,50,0
up to 40% off,71,51,-20,,,,,use code: ae15,51,51,0,,,,,lipstick,51,51,0,fast and easy,51,51,0,high-quality,51,51,0,,,,,check eligibility,51,51,0,miss out,51,51,0,do you want to play,211,232,21,try this,51,51,0,adjustable bed,51,51,0
shirts,72,52,-20,,,,,your free,52,52,0,,,,,cream,52,52,0,hvac contractors,52,52,0,for men,52,52,0,,,,,this ramadan,52,52,0,check the product page,52,52,0,free tile game play now,212,233,21,your free,52,52,0,sheets,52,52,0
streetwear,73,53,-20,,,,,find out,53,53,0,,,,,fine lines,53,53,0,professional cleaning services nearby,53,53,0,christmas,53,53,0,,,,,check out,53,53,0,micro ingredients,53,53,0,get your,213,234,21,limited time,53,53,0,are here,53,53,0
shopblackfriday,74,54,-20,,,,,try it today,54,54,0,,,,,mask,54,54,0,apartments,54,54,0,right now,54,54,0,,,,,find out,54,54,0,stock up,54,54,0,don’t miss,214,235,21,check the,54,54,0,sleep brand everyone's talking about,54,54,0
springfashion,75,55,-20,,,,,quick & easy,55,55,0,,,,,wigtok,55,55,0,explore excavator operators near me,55,55,0,grab yours,55,55,0,,,,,click to,55,55,0,high protein,55,55,0,get free,215,236,21,acne,55,55,0,up to 50% off,55,55,0
long sleeve,76,56,-20,,,,,get 15% off,56,56,0,,,,,see this,56,56,0,sign up,56,56,0,off your first order,56,56,0,,,,,best deals,56,56,0,milk,56,56,0,install now,216,237,21,ed pill,56,56,0,fast shipping,56,56,0
engagement rings,77,57,-20,,,,,real people,57,57,0,,,,,body wash,57,57,0,get paid,57,57,0,30% off,57,57,0,,,,,39/month,57,57,0,15% off,57,57,0,stress-relieving,217,238,21,get your,57,57,0,flash sale,57,57,0
christmas,78,58,-20,,,,,free app,58,58,0,,,,,fake tan unreal color,58,58,0,take the quiz,58,58,0,link in bio,58,58,0,,,,,your free,58,58,0,variety pack,58,58,0,unique casual games,218,239,21,vitamins,58,58,0,real life,58,58,0
for men,79,59,-20,,,,,90% of players failed,59,59,0,,,,,at home,59,59,0,create an account,59,59,0,1 free,59,59,0,,,,,check out the,59,59,0,your cart,59,59,0,play your favorite songs,219,240,21,harder than you think,59,59,0,transform your space,59,59,0
frames,80,60,-20,,,,,can you do better,60,60,0,,,,,right now,60,60,0,tiktok ads,60,60,0,girls,60,60,0,,,,,100% online,60,60,0,protein smoothie,60,60,0,download the game,241,262,21,from home,60,60,0,the right,60,60,0
most comfortable,81,61,-20,,,,,dating app,61,61,0,,,,,promotion may have ended,61,61,0,use tiktok,61,61,0,spring,61,61,0,,,,,loan options,61,61,0,check the product,61,61,0,help them,242,263,21,see this,61,61,0,for a limited time,61,61,0
watches,82,62,-20,,,,,dating,62,62,0,,,,,skin care,62,62,0,explore affordable apartment rentals nearby,62,62,0,join our,62,62,0,,,,,free case review,62,62,0,teas,62,62,0,your enemies,243,264,21,get all,62,62,0,brand new,62,62,0
1 free,83,63,-20,,,,,click to see,63,63,0,,,,,permanent teeth in 24 hours,63,63,0,your home,63,63,0,now live,63,63,0,,,,,get a free,63,63,0,at home,63,63,0,high score,244,265,21,click the,63,63,0,mattressinabox,63,63,0
get yours,84,64,-20,,,,,watch for free,64,64,0,,,,,love it,64,64,0,right now,64,64,0,refresh your wardrobe,64,64,0,,,,,check out the best deals,64,64,0,out now,64,64,0,try one,245,266,21,bpn,64,64,0,coffee table,64,64,0
pink,85,65,-20,,,,,know what,65,65,0,,,,,moisturizer,65,65,0,real time,65,65,0,hair care,65,65,0,,,,,save up to 25%,65,65,0,love it,65,65,0,get 500 free spins,246,267,21,click the link,65,65,0,seniors,65,65,0
get free,86,66,-20,,,,,find the,66,66,0,,,,,lip stain,66,66,0,create an account today,66,66,0,dress,66,66,0,,,,,click the,66,66,0,dubai chocolate,66,66,0,survive the ultimate wasteland,247,268,21,this video,66,66,0,bathrooms,66,66,0
pajamas,87,67,-20,,,,,best digital camera filters,67,67,0,,,,,great deal today,67,67,0,free today,67,67,0,shoe,67,67,0,,,,,debit card,67,67,0,probiotics,67,67,0,save yourself,248,269,21,holiday sale,67,67,0,upgrade your space,67,67,0
24 hours flash sale,88,68,-20,,,,,install now,68,68,0,,,,,clinically proven,68,68,0,find out more,68,68,0,cloth,68,68,0,,,,,get started,68,68,0,current price,68,68,0,for free now,249,270,21,register now for free,68,68,0,muddy mat,68,68,0
best-selling,89,69,-20,,,,,واحصل على,69,69,0,,,,,winter,69,69,0,cash offer,69,69,0,clothes,69,69,0,,,,,credit score,69,69,0,make it,69,69,0,join now,250,271,21,shop now,69,69,0,62%off,69,69,0
24 hours,90,70,-20,,,,,curious about someone,70,70,0,,,,,lip balm,70,70,0,start dashing today,70,70,0,new collection,70,70,0,,,,,loan,70,70,0,grab yours,70,70,0,can you win,251,272,21,30% off,70,70,0,for neck comfort,70,70,0
clearance sale,91,71,-20,,,,,best digital filters app,71,71,0,,,,,hair care,71,71,0,resume builder,71,71,0,for 20,71,71,0,,,,,americans,71,71,0,per serving,71,71,0,for real,252,273,21,multivitamin,71,71,0,black friday,71,71,0
travelbag,92,72,-20,,,,,digital filters app,72,72,0,,,,,fragrances,72,72,0,for warehouse workers,72,72,0,hoodie,72,72,0,,,,,unique opportunity,72,72,0,for dinner,72,72,0,jump in,253,274,21,sale is live,72,72,0,miss out,72,72,0
mini,93,73,-20,,,,,made easy,73,73,0,,,,,wiginstall,73,73,0,free,73,73,0,70%off,73,73,0,,,,,got you,73,73,0,good deal,73,73,0,cash now,254,275,21,shipped right to your door,73,73,0,don’t miss out,73,73,0
buy now,94,74,-20,,,,,get up,74,74,0,,,,,pressons,74,74,0,you deserve,74,74,0,your summer,74,74,0,,,,,take advantage,74,74,0,energydrinks,74,74,0,download to get,255,276,21,get started,74,74,0,transform your home,74,74,0
bracelet,95,75,-20,,,,,free shipping,75,75,0,,,,,laser dark spot removal,75,75,0,swipe left,75,75,0,40% off,75,75,0,,,,,don’t wait,75,75,0,swedish candy,75,75,0,racing game,256,277,21,holiday sale is live,75,75,0,your phone,75,75,0
valentine’s day,96,76,-20,,,,,easy and fun,76,76,0,,,,,every day,76,76,0,disability benefits,76,76,0,discover new,76,76,0,,,,,19 a month,76,76,0,sour candy,76,76,0,clear tiles,257,278,21,now for free,76,76,0,blackfridaydeals,76,76,0
buy 2,97,77,-20,,,,,tracking calories,77,77,0,,,,,check the product,77,77,0,see how,77,77,0,my code,77,77,0,,,,,save up to 90%,77,77,0,granola,77,77,0,super satisfying game,258,279,21,right now,77,77,0,curtains,77,77,0
buy 1,98,78,-20,,,,,easiest way to go viral,78,78,0,,,,,dry shampoo,78,78,0,free consultation,78,78,0,free gift today,78,78,0,,,,,get your,78,78,0,,,,,for 30,259,280,21,stress,78,78,0,new app,78,78,0
hat,99,79,-20,,,,,realtime location,79,79,0,,,,,korean skincare,79,79,0,turn it,79,79,0,check out,79,79,0,,,,,free consultation,79,79,0,,,,,jump in now,260,281,21,nitric oxide,79,79,0,new app users,79,79,0
tummy control,100,80,-20,,,,,is free,80,80,0,,,,,eye bags,80,80,0,click to get,80,80,0,get yours,80,80,0,,,,,pay off,80,80,0,,,,,upgrade your weapon,261,282,21,for summer,80,80,0,hybrid mattress,80,80,0
panty,101,81,-20,,,,,right now,81,81,0,,,,,check the product page,81,81,0,ads manager,81,81,0,low prices,81,81,0,,,,,in cash,81,81,0,,,,,level up your parkour skills,262,283,21,gel,81,81,0,ringdoorbell,81,81,0
grab yours,102,82,-20,,,,,casual,82,82,0,,,,,3.4 oz,82,82,0,personalised trauma plan,82,82,0,miss this,82,82,0,,,,,credit history,82,82,0,,,,,share this,263,284,21,magnesium complex,82,82,0,clearance sale,82,82,0
60 % off,103,83,-20,,,,,live chat,83,83,0,,,,,for men,83,83,0,professional excavator services,83,83,0,jean,83,83,0,,,,,try it,83,83,0,,,,,simulation games,264,285,21,call us,83,83,0,wallpaper,83,83,0
panties,104,84,-20,,,,,this free,84,84,0,,,,,this video,84,84,0,start your business,84,84,0,jeans,84,84,0,,,,,your business,84,84,0,,,,,30 minutes a day,265,286,21,call us today,84,84,0,sleep better,84,84,0
use code,105,85,-20,,,,,your turn,85,85,0,,,,,gel,85,85,0,find out if you qualify,85,85,0,day sale,85,85,0,,,,,get free,85,85,0,,,,,build legendary robots,266,287,21,gut health,85,85,0,solar lights,85,85,0
grab it now,106,86,-20,,,,,ai filters,86,86,0,,,,,eyeliner,86,86,0,for eligible tenants,86,86,0,the end,86,86,0,,,,,financial freedom,86,86,0,,,,,experience free,267,288,21,better sleep,86,86,0,tool set,86,86,0
for spring,107,87,-20,,,,,real money,87,87,0,,,,,tired eyes,87,87,0,find the,87,87,0,join us,87,87,0,,,,,per month,87,87,0,,,,,slot games,268,289,21,supplements,87,87,0,pressure washer,87,87,0
diamond ring,108,88,-20,,,,,5 minutes,88,88,0,,,,,this men,88,88,0,take your,88,88,0,cute,88,88,0,,,,,check your eligibility today,88,88,0,,,,,strategy gameplay,269,290,21,skincare,88,88,0,shower head,88,88,0
jelly bra,109,89,-20,,,,,stop scrolling,89,89,0,,,,,eau de parfum spray,89,89,0,pens,89,89,0,online now,89,89,0,,,,,check your options today,89,89,0,,,,,new game,270,291,21,100% online,89,89,0,comforter set,89,89,0
back in stock,110,90,-20,,,,,chat,90,90,0,,,,,65% off,90,90,0,up to 40% off,90,90,0,basedbodyworks,90,90,0,,,,,up to $5000,90,90,0,,,,,log in,271,292,21,register now,90,90,0,10 new years clearance sale,90,90,0
rings,111,91,-20,,,,,video call,91,91,0,,,,,lip liner,91,91,0,boost your online presence,91,91,0,valentinesday,91,91,0,,,,,from $39/month,91,91,0,,,,,earn rewards,272,293,21,50% off,91,91,0,beanbagchair,91,91,0
this bra,112,92,-20,,,,,livestreaming social app,92,92,0,,,,,try it risk-free,92,92,0,home,92,92,0,now available,92,92,0,,,,,insurance quotes,92,92,0,,,,,all night,273,294,21,watch this,92,92,0,metal,92,92,0
click to see more,113,93,-20,,,,,try listening to books today,93,93,0,,,,,dry skin,93,93,0,homes,93,93,0,men,93,93,0,,,,,us drivers,93,93,0,,,,,get real flowers delivered,274,295,21,for daily,93,93,0,dream home,93,93,0
buy one,114,94,-20,,,,,meet up,94,94,0,,,,,healthy hair,94,94,0,free case,94,94,0,women,94,94,0,,,,,click the link,94,94,0,,,,,try your daily heist,275,296,21,winter,94,94,0,elevate your space,94,94,0
belt,115,95,-20,,,,,all for free,95,95,0,,,,,lotion,95,95,0,homes for sale,95,95,0,2 free,95,95,0,,,,,home equity,95,95,0,,,,,mahjong puzzle,276,297,21,antiaging,95,95,0,game changer,95,95,0
sale ends tonight,116,96,-20,,,,,chat here,96,96,0,,,,,under eye,96,96,0,ssd or ssi,96,96,0,shopblackfriday,96,96,0,,,,,drivers,96,96,0,,,,,test yourself,277,298,21,shilajit,96,96,0,new favorite,96,96,0
buy 2 get,117,97,-20,,,,,now online,97,97,0,,,,,4 free,97,97,0,that easy,97,97,0,shoes,97,97,0,,,,,300 off,97,97,0,,,,,simulator game,278,299,21,every day,97,97,0,blackout curtains,97,97,0
reading glasses,118,98,-20,,,,,first chat is free,98,98,0,,,,,toothbrush,98,98,0,planner,98,98,0,buy 2,98,98,0,,,,,for contractors,98,98,0,,,,,challenge higher scores,279,300,21,flash sale,98,98,0,bamboo sheets,98,98,0
18% off,119,99,-20,,,,,every day,99,99,0,,,,,grab it,99,99,0,plumbing as your new path,99,99,0,buy now,99,99,0,,,,,get $300 off,99,99,0,,,,,download now and play,300,321,21,click to,99,99,0,that restores relaxed mornings,99,99,0
right now,120,100,-20,,,,,find your match,100,100,0,,,,,body oil,100,100,0,roofing industry,100,100,0,buy 1 get 1 free,100,100,0,,,,,cash back,100,100,0,,,,,solve puzzles,301,322,21,buy flash sale discount,100,100,0,get it,100,100,0
get one,121,101,-20,,,,,playing games,101,101,0,,,,,calms your prostate down,101,101,0,try it,101,101,0,join our live,101,101,0,,,,,the right,101,101,0,,,,,start your journey,302,323,21,hearing aids,101,101,0,don’t miss,101,101,0
christmasgiftideas,122,102,-20,,,,,wanna know what happens next,102,102,0,,,,,ava 65% off,102,102,0,next level,102,102,0,this season,102,102,0,,,,,swipe left,102,102,0,,,,,let's roll,303,324,21,reach out,102,102,0,grab it,102,102,0
true to size,123,103,-20,,,,,free today,103,103,0,,,,,game changer,103,103,0,the next level,103,103,0,get 15%,103,103,0,,,,,personal loans,103,103,0,,,,,stride toward dreams as one,304,325,21,free services,103,103,0,back pain,103,103,0
size small,124,104,-20,,,,,wanna know,104,104,0,,,,,black,104,104,0,try for free,104,104,0,the link in bio,104,104,0,,,,,click the link below,104,104,0,,,,,train your iq,305,326,21,link in bio,104,104,0,off sitewide,104,104,0
shop our,125,105,-20,,,,,send money,105,105,0,,,,,get started,105,105,0,hvac company,105,105,0,every moment,105,105,0,,,,,check your eligibility,105,105,0,,,,,build a unique viking city,306,327,21,blood pressure,105,105,0,security camera,105,105,0
any occasion,126,106,-20,,,,,start watching now,106,106,0,,,,,probiotics,106,106,0,need paving,106,106,0,in style,106,106,0,,,,,credit types,106,106,0,,,,,explore free games,307,328,21,mental health,106,106,0,carpet,106,106,0
skirt,127,107,-20,,,,,from $0.99,107,107,0,,,,,body lotion,107,107,0,start your free,107,107,0,don’t wait,107,107,0,,,,,this is crazy,107,107,0,,,,,play uno like never before,308,329,21,less stress,107,107,0,beddingsets,107,107,0
buy one get one free,128,108,-20,,,,,tracking now,108,108,0,,,,,current price,108,108,0,30% off,108,108,0,shirt,108,108,0,,,,,build credit,108,108,0,,,,,download today,309,330,21,for daily comfort,108,108,0,hot sleepers,108,108,0
free 2,129,109,-20,,,,,for metalheads,109,109,0,,,,,dental implants,109,109,0,fill out the form,109,109,0,get started,109,109,0,,,,,save money,109,109,0,,,,,free today,310,331,21,free consultation today,109,109,0,link in bio,109,109,0
winterfashion,130,110,-20,,,,,get it,110,110,0,,,,,now available,110,110,0,hvac companies,110,110,0,shop new,110,110,0,,,,,get your free,110,110,0,,,,,for free today,311,332,21,missing teeth,110,110,0,check it out,110,110,0
handbag,131,111,-20,,,,,one tap,111,111,0,,,,,15% off,111,111,0,get a free,111,111,0,time offer,111,111,0,,,,,home loans,111,111,0,,,,,play it,312,333,21,wonderful deal,111,111,0,in your home,111,111,0
go check it out,132,112,-20,,,,,new friends,112,112,0,,,,,live now,112,112,0,your phone,112,112,0,limited time offer,112,112,0,,,,,business funding,112,112,0,,,,,one tap,313,334,21,natural prostate relief gel,112,112,0,5 minutes,112,112,0
dress pants,133,113,-20,,,,,up for some prank fun,113,113,0,,,,,mascara,113,113,0,time insights,113,113,0,sweatpants,113,113,0,,,,,free quote,113,113,0,,,,,td game,314,335,21,prostate relief gel,113,113,0,helps you,113,113,0
miss out,134,114,-20,,,,,sign up now,114,114,0,,,,,fragrancetiktok,114,114,0,new home,114,114,0,get high,114,114,0,,,,,pay off credit cards faster,114,114,0,,,,,at work,315,336,21,hear clearly without the hassle,114,114,0,cloud-like,114,114,0
smartglass,135,115,-20,,,,,call me now,115,115,0,,,,,perfect for daily wear,115,115,0,now open,115,115,0,each week,115,115,0,,,,,pay off debt faster,115,115,0,,,,,install and play,316,337,21,4 implants,115,115,0,dining table,115,115,0
yogapant,136,116,-20,,,,,click to watch,116,116,0,,,,,tarte cosmetics,116,116,0,in dubai,116,116,0,garage clothing,116,116,0,,,,,1/day,116,116,0,,,,,addicting game,317,338,21,black friday,116,116,0,good deal,116,116,0
10 new years clearance sale,137,117,-20,,,,,3 items,117,117,0,,,,,new year's sale,117,117,0,flexible rent payments,117,117,0,unique items,117,117,0,,,,,get cash,117,117,0,,,,,happy new year,318,339,21,pcos,117,117,0,modular sofa,117,117,0
prescription glasses,138,118,-20,,,,,your iphone,118,118,0,,,,,glueless design,118,118,0,gel pens,118,118,0,watch until the end,118,118,0,,,,,start saving,118,118,0,,,,,log in now,319,340,21,herbal extracts,118,118,0,barstool,118,118,0
don’t miss,139,119,-20,,,,,your childhood,119,119,0,,,,,for a limited time,119,119,0,take the quiz today,119,119,0,all day,119,119,0,,,,,get relief,119,119,0,,,,,number 1,320,341,21,the end,119,119,0,duvet cover,119,119,0
bags,140,120,-20,,,,,ai video,120,120,0,,,,,stock up,120,120,0,click the,120,120,0,save big,120,120,0,,,,,health benefits,120,120,0,,,,,merry christmas,321,342,21,game changer,120,120,0,pillowcase,120,120,0
hats,141,121,-20,,,,,first song in minutes,121,121,0,,,,,sensitive skin,121,121,0,click the link,121,121,0,60 % off,121,121,0,,,,,your free smartphone,121,121,0,,,,,"6,000,000 welcome free coins",322,343,21,it works,121,121,0,that keeps hot sleepers cool,121,121,0
waist trainer,142,122,-20,,,,,chat now,122,122,0,,,,,thinning hair,122,122,0,tap below,122,122,0,get 20%,122,122,0,,,,,yours now,122,122,0,,,,,many levels can you beat,323,344,21,ashwagandha,122,122,0,,,,
discounts disappear soon,143,123,-20,,,,,voice changer,123,123,0,,,,,new obsession,123,123,0,try it now,123,123,0,this week,123,123,0,,,,,credit card debt,123,123,0,,,,,tap to spin your luck,324,345,21,glp-1 meds,123,123,0,,,,
wide leg,144,124,-20,,,,,get cash,124,124,0,,,,,"shine brighter, smile wider",124,124,0,act now,124,124,0,gear up,124,124,0,,,,,new car,124,124,0,,,,,casino slots,325,346,21,lymphatic drainage,124,124,0,,,,
lingerie,145,125,-20,,,,,play games,125,125,0,,,,,ladies,125,125,0,earn money,125,125,0,get paid,125,125,0,,,,,before midnight,125,125,0,,,,,epic 2025 game,326,347,21,good deal,125,125,0,,,,
smartwatch,146,126,-20,,,,,real time tracking,126,126,0,,,,,brush,126,126,0,bedroom apartments,126,126,0,yours today,126,126,0,,,,,apply before midnight,126,126,0,,,,,rule the galaxy,327,348,21,swipe left to learn more,126,126,0,,,,
code new,147,127,-20,,,,,fast and easy,127,127,0,,,,,glass skin,127,127,0,tap below for details,127,127,0,35% off,127,127,0,,,,,limited spots,127,127,0,,,,,the end,328,349,21,laser treatment clinic,127,127,0,,,,
high-waist,148,128,-20,,,,,you try it,128,128,0,,,,,lip oil,128,128,0,u.s. cities,128,128,0,for 20% off,128,128,0,,,,,car loans,128,128,0,,,,,you win,329,350,21,the right,128,128,0,,,,
elegant,149,129,-20,,,,,get the app,129,129,0,,,,,body care,129,129,0,at home,129,129,0,straight to your door,129,129,0,,,,,see if you qualify today,129,129,0,,,,,grow your,330,351,21,take control,129,129,0,,,,
soft fabrics,150,130,-20,,,,,new video call,130,130,0,,,,,razor,130,130,0,for your business,130,130,0,amazing deal,130,130,0,,,,,insurance coverage,130,130,0,,,,,see how,331,352,21,feel better,130,130,0,,,,
must-have,151,131,-20,,,,,25%off,131,131,0,,,,,clusterlashes,131,131,0,new app,131,131,0,limited stock,131,131,0,,,,,low on funds,131,131,0,,,,,challenge yourself,332,353,21,now available,131,131,0,,,,
try it,152,132,-20,,,,,fish and chips,132,132,0,,,,,natural deodorant,132,132,0,new app users,132,132,0,"buy 2, get 1",132,132,0,,,,,donate now,132,132,0,,,,,tap in,333,354,21,see if you,132,132,0,,,,
lifetime warranty,153,133,-20,,,,,get started,133,133,0,,,,,scalp serum,133,133,0,it now,133,133,0,make it,133,133,0,,,,,insurance program,133,133,0,,,,,at night,334,355,21,start now,133,133,0,,,,
so cute,154,134,-20,,,,,women,134,134,0,,,,,real results,134,134,0,get started today,134,134,0,get up,134,134,0,,,,,florida drivers,134,134,0,,,,,music game,335,356,21,blue tube,134,134,0,,,,
buy one get,155,135,-20,,,,,for real,135,135,0,,,,,back in stock,135,135,0,the top,135,135,0,every time,135,135,0,,,,,life insurance program,135,135,0,,,,,play right here,336,357,21,hemorrhoids problems,135,135,0,,,,
buy one get one,156,136,-20,,,,,dream home,136,136,0,,,,,help you,136,136,0,no experience,136,136,0,made easy,136,136,0,,,,,,,,,,,,,chase your dreams,337,358,21,e27 bottle,136,136,0,,,,
sold out soon,157,137,-20,,,,,free today only,137,137,0,,,,,get 1 free,137,137,0,get 20%,137,137,0,get 20% off,137,137,0,,,,,,,,,,,,,chase your dreams together,338,359,21,blood flow,137,137,0,,,,
get one free,158,138,-20,,,,,every time,138,138,0,,,,,click to,138,138,0,financial planning,138,138,0,your home,138,138,0,,,,,,,,,,,,,download and play for free,339,360,21,sea moss,138,138,0,,,,
one free,159,139,-20,,,,,join now,139,139,0,,,,,blackhead,139,139,0,paint by number,139,139,0,exclusive deals,139,139,0,,,,,,,,,,,,,relax and play,340,361,21,see if you qualify,139,139,0,,,,
midsizefashion,160,140,-20,,,,,start now,140,140,0,,,,,lip combo,140,140,0,paint by number sets,140,140,0,get free,140,140,0,,,,,,,,,,,,,"hire wisely, manage perfectly",341,362,21,crazy deal,140,140,0,,,,
work pants,161,141,-20,,,,,that easy,141,141,0,,,,,skin barrier,141,141,0,peace of mind,141,141,0,20% off sitewide,141,141,0,,,,,,,,,,,,,build your own legend,342,363,21,promotion may have ended,141,141,0,,,,
for summer,162,142,-20,,,,,play now,142,142,0,,,,,bb cream,142,142,0,new york,142,142,0,scrubs,142,142,0,,,,,,,,,,,,,build your roadside empire,343,364,21,book a free,142,142,0,,,,
30% off,163,143,-20,,,,,drawing app,143,143,0,,,,,for mature skin,143,143,0,link in our bio,143,143,0,best price,143,143,0,,,,,,,,,,,,,discover something new,344,365,21,full-size,143,143,0,,,,
slippers,164,144,-20,,,,,transform your photos,144,144,0,,,,,thicker hair,144,144,0,our website,144,144,0,take 20% off,144,144,0,,,,,,,,,,,,,play cs on the go,345,366,21,discover how,144,144,0,,,,
special offer,165,145,-20,,,,,game is so much fun,145,145,0,,,,,one size,145,145,0,use code,145,145,0,sold out,145,145,0,,,,,,,,,,,,,pvp,346,367,21,find out,145,145,0,,,,
great deal,166,146,-20,,,,,download today,146,146,0,,,,,up to 55% off,146,146,0,40%off,146,146,0,join the live,146,146,0,,,,,,,,,,,,,survive chaos,347,368,21,pain relief,146,146,0,,,,
one get one free,167,147,-20,,,,,first order,147,147,0,,,,,chocolate brown,147,147,0,for cash,147,147,0,this week only,147,147,0,,,,,,,,,,,,,teas,348,369,21,don’t miss,147,147,0,,,,
up to 50 % off,168,148,-20,,,,,your love,148,148,0,,,,,hair dye shampoo,148,148,0,swipe left to learn,148,148,0,body cream,148,148,0,,,,,,,,,,,,,limited time,349,370,21,for men,148,148,0,,,,
high quality,169,149,-20,,,,,your first order,149,149,0,,,,,it now,149,149,0,dishwasher services,149,149,0,now in,149,149,0,,,,,,,,,,,,,find the,350,371,21,don’t miss out,149,149,0,,,,
time offer,170,150,-20,,,,,click to download,150,150,0,,,,,learn more,150,150,0,check out,150,150,0,get 50%,150,150,0,,,,,,,,,,,,,mobile game,351,372,21,grab your,150,150,0,,,,
check it out,171,151,-20,,,,,earn money,151,151,0,,,,,black friday sale,151,151,0,make it,151,151,0,limited time only,151,151,0,,,,,,,,,,,,,choose your,352,373,21,start here,151,151,0,,,,
activewear,172,152,-20,,,,,live video chat,152,152,0,,,,,try our,152,152,0,join our,152,152,0,pant,152,152,0,,,,,,,,,,,,,it's time,353,374,21,weight loss journey,152,152,0,,,,
high-waist leggings,173,153,-20,,,,,off your first order,153,153,0,,,,,actually works,153,153,0,20 % off,153,153,0,pants,153,153,0,,,,,,,,,,,,,join us,354,375,21,over40 #over50,153,153,0,,,,
love it,174,154,-20,,,,,ar drawing app,154,154,0,,,,,grab it now,154,154,0,for free today,154,154,0,tap to,154,154,0,,,,,,,,,,,,,defense game,355,376,21,blood sugar complex,154,154,0,,,,
black friday sale,175,155,-20,,,,,free up space,155,155,0,,,,,anti-aging,155,155,0,more information,155,155,0,out now,155,155,0,,,,,,,,,,,,,give it,356,377,21,current price,155,155,0,,,,
every moment,176,156,-20,,,,,download and join now,156,156,0,,,,,first order,156,156,0,this app,156,156,0,get yours today,156,156,0,,,,,,,,,,,,,can you pass,357,378,21,posture corrector,156,156,0,,,,
check it,177,157,-20,,,,,link in bio,157,157,0,,,,,soap,157,157,0,puzzles,157,157,0,shop the collection,157,157,0,,,,,,,,,,,,,must be,358,379,21,book a free consultation,157,157,0,,,,
amazing deal,178,158,-20,,,,,ai app,158,158,0,,,,,full coverage,158,158,0,try for free today,158,158,0,so cute,158,158,0,,,,,,,,,,,,,real life,359,380,21,collagenpeptides,158,158,0,,,,
valentinesdaygift,179,159,-20,,,,,watch the full episode,159,159,0,,,,,hair extensions,159,159,0,stickerbook,159,159,0,best sellers,159,159,0,,,,,,,,,,,,,casual and easy mahjong game,360,381,21,neocell collagen,159,159,0,,,,
maxi dress,180,160,-20,,,,,find someone,160,160,0,,,,,use code,160,160,0,limited time,160,160,0,great deal,160,160,0,,,,,,,,,,,,,earn extra money,361,382,21,in turkey,160,160,0,,,,
progressive lenses,181,161,-20,,,,,hot drama update daily,161,161,0,,,,,60 % off,161,161,0,tap to,161,161,0,flash sale now,161,161,0,,,,,,,,,,,,,please download,362,383,21,wake up,161,161,0,,,,
40%off,182,162,-20,,,,,"25¢ or $8,000",162,162,0,,,,,pink,162,162,0,apply now,162,162,0,,,,,,,,,,,,,,,,,stress reliever,363,384,21,take your,162,162,0,,,,
find the,183,163,-20,,,,,use code,163,163,0,,,,,skincare routine,163,163,0,made easy,163,163,0,,,,,,,,,,,,,,,,,best simulation game,364,385,21,it now,163,163,0,,,,
every day,184,164,-20,,,,,sign up today,164,164,0,,,,,buy 2,164,164,0,try free,164,164,0,,,,,,,,,,,,,,,,,can you beat this level,365,386,21,for kids,164,164,0,,,,
red,185,165,-20,,,,,free trial today,165,165,0,,,,,dark circles,165,165,0,one tap,165,165,0,,,,,,,,,,,,,,,,,launched today,366,387,21,15% off,165,165,0,,,,
go check,186,166,-20,,,,,video chats,166,166,0,,,,,glowing skin,166,166,0,your house,166,166,0,,,,,,,,,,,,,,,,,you try it,367,388,21,any time,166,166,0,,,,
midsize,187,167,-20,,,,,time tracking,167,167,0,,,,,fine lines and wrinkles,167,167,0,struggling,167,167,0,,,,,,,,,,,,,,,,,explore new wasteland gameplay,368,389,21,the test,167,167,0,,,,
easy returns,188,168,-20,,,,,caller id,168,168,0,,,,,smooth skin,168,168,0,sell your house,168,168,0,,,,,,,,,,,,,,,,,game now for free,369,390,21,at any time,168,168,0,,,,
8 pieces,189,169,-20,,,,,meal prep,169,169,0,,,,,your first order,169,169,0,professional line drawing,169,169,0,,,,,,,,,,,,,,,,,get high,370,391,21,best price,169,169,0,,,,
go check it,190,170,-20,,,,,tv remote,170,170,0,,,,,off your first order,170,170,0,house painting service,170,170,0,,,,,,,,,,,,,,,,,new characters,371,392,21,take the test,170,170,0,,,,
10 new years clearance,191,171,-20,,,,,healthy eating made effortless,171,171,0,,,,,tattoo,171,171,0,senior apartments,171,171,0,,,,,,,,,,,,,,,,,real money can be won,372,393,21,check the product,171,171,0,,,,
new favorite,192,172,-20,,,,,kissing the wrong brother,172,172,0,,,,,body cream,172,172,0,,,,,,,,,,,,,,,,,,,,,get 30 billion diamonds,373,394,21,your free consultation,172,172,0,,,,
it now,193,173,-20,,,,,photo book app,173,173,0,,,,,edge control,173,173,0,,,,,,,,,,,,,,,,,,,,,get high score,374,395,21,rainbow light,173,173,0,,,,
for work,194,174,-20,,,,,try for free,174,174,0,,,,,extensions,174,174,0,,,,,,,,,,,,,,,,,,,,,must-try,375,396,21,the top,174,174,0,,,,
1 get 1 free,195,175,-20,,,,,"anytime, anywhere",175,175,0,,,,,age spots,175,175,0,,,,,,,,,,,,,,,,,,,,,amazing game,376,397,21,kids,175,175,0,,,,
buy 1 get 1,196,176,-20,,,,,try our,176,176,0,,,,,scalp oil,176,176,0,,,,,,,,,,,,,,,,,,,,,come back,377,398,21,back pain,176,176,0,,,,
for $49,197,177,-20,,,,,much fun,177,177,0,,,,,lash clusters,177,177,0,,,,,,,,,,,,,,,,,,,,,fun to play,378,399,21,free trial,177,177,0,,,,
stylish prescription glasses,198,178,-20,,,,,so much fun,178,178,0,,,,,glueless wig,178,178,0,,,,,,,,,,,,,,,,,,,,,helps you,379,400,21,more energy,178,178,0,,,,
the right,199,179,-20,,,,,your loved ones,179,179,0,,,,,in men,179,179,0,,,,,,,,,,,,,,,,,,,,,limited time only,401,422,21,over 30,179,179,0,,,,
get it,200,180,-20,,,,,which hairstyle suits you,180,180,0,,,,,bask and lather,180,180,0,,,,,,,,,,,,,,,,,,,,,tap and play,402,423,21,creatine,180,180,0,,,,
for a limited time,201,181,-20,,,,,edit videos,181,181,0,,,,,uk's most awarded natural deodorant,181,181,0,,,,,,,,,,,,,,,,,,,,,top 1,403,424,21,braces,181,181,0,,,,
girls,202,182,-20,,,,,click to continue watching,182,182,0,,,,,christmas,182,182,0,,,,,,,,,,,,,,,,,,,,,mmorpg,404,425,21,check the product page,182,182,0,,,,
classic,203,183,-20,,,,,watch more for free,183,183,0,,,,,long-lasting,183,183,0,,,,,,,,,,,,,,,,,,,,,totally free,405,426,21,veterans,183,183,0,,,,
limited time offer,204,184,-20,,,,,no credit checks,184,184,0,,,,,i love this,184,184,0,,,,,,,,,,,,,,,,,,,,,give it a shot,406,427,21,full dental implants,184,184,0,,,,
every color,205,185,-20,,,,,your friends,185,185,0,,,,,get this,185,185,0,,,,,,,,,,,,,,,,,,,,,ready to conquer,407,428,21,glow-up,185,185,0,,,,
work boots,206,186,-20,,,,,high-quality,186,186,0,,,,,click the,186,186,0,,,,,,,,,,,,,,,,,,,,,good game,408,429,21,learn more on our site,186,186,0,,,,
oversizedshirt,207,187,-20,,,,,you play,187,187,0,,,,,every single,187,187,0,,,,,,,,,,,,,,,,,,,,,sharpen your mind,409,430,21,try before,187,187,0,,,,
contact lenses,208,188,-20,,,,,clean up,188,188,0,,,,,i’m obsessed,188,188,0,,,,,,,,,,,,,,,,,,,,,can you solve this level,410,431,21,try before you buy,188,188,0,,,,
in style,209,189,-20,,,,,this amazing app,189,189,0,,,,,sold out,189,189,0,,,,,,,,,,,,,,,,,,,,,must be 18,411,432,21,qualify today,189,189,0,,,,
blue,210,190,-20,,,,,try listening to books,190,190,0,,,,,try before you buy,190,190,0,,,,,,,,,,,,,,,,,,,,,phiên bản mới,412,433,21,get free,190,190,0,,,,
ladies,211,191,-20,,,,,create your own dance video,191,191,0,,,,,the right,191,191,0,,,,,,,,,,,,,,,,,,,,,world's most popular casual games,413,434,21,get it,191,191,0,,,,
starts here,212,192,-20,,,,,miss out,192,192,0,,,,,don’t miss,192,192,0,,,,,,,,,,,,,,,,,,,,,best survival game,414,435,21,take control of your,192,192,0,,,,
gear up,213,193,-20,,,,,starts here,193,193,0,,,,,get yours now,193,193,0,,,,,,,,,,,,,,,,,,,,,ready to run your casino,415,436,21,blood sugar,193,193,0,,,,
glove,214,194,-20,,,,,see this,194,194,0,,,,,friday sale,194,194,0,,,,,,,,,,,,,,,,,,,,,save the world from zombies,416,437,21,migraines,194,194,0,,,,
romper,215,195,-20,,,,,try this app,195,195,0,,,,,use this,195,195,0,,,,,,,,,,,,,,,,,,,,,download it,417,438,21,ladies,195,195,0,,,,
wide-leg,216,196,-20,,,,,true love,196,196,0,,,,,eau de parfum,196,196,0,,,,,,,,,,,,,,,,,,,,,the right,418,439,21,health care,196,196,0,,,,
vintage,217,197,-20,,,,,take 50% off,197,197,0,,,,,great deal today only,197,197,0,,,,,,,,,,,,,,,,,,,,,love it,419,440,21,liver support,197,197,0,,,,
fashion,218,198,-20,,,,,boost your credit,198,198,0,,,,,half wig,198,198,0,,,,,,,,,,,,,,,,,,,,,click to receive,440,461,21,tap the,198,198,0,,,,
live now,219,199,-20,,,,,perfect 4k wallpaper,199,199,0,,,,,seasaltspray,199,199,0,,,,,,,,,,,,,,,,,,,,,"collect 10,000,000 free virtual coins",441,462,21,kind patches,199,199,0,,,,
tees,220,200,-20,,,,,this game mocks me,200,200,0,,,,,self tanner,200,200,0,,,,,,,,,,,,,,,,,,,,,give it a shot now,442,463,21,womenshealth,200,200,0,,,,
see more,221,201,-20,,,,,see what,201,201,0,,,,,best razor ever,201,201,0,,,,,,,,,,,,,,,,,,,,,life-saving technology,443,464,21,astaxanthin,201,201,0,,,,
use code: ae15,222,202,-20,,,,,stress-free,202,202,0,,,,,every time,202,202,0,,,,,,,,,,,,,,,,,,,,,neurologist-recommended,444,465,21,moringa,202,202,0,,,,
bluelightglasses,223,203,-20,,,,,create your own,203,203,0,,,,,girls,203,203,0,,,,,,,,,,,,,,,,,,,,,run a shop,445,466,21,orange,203,203,0,,,,
contacts,224,204,-20,,,,,your home,204,204,0,,,,,1 free,204,204,0,,,,,,,,,,,,,,,,,,,,,shot now,446,467,21,get 30%,204,204,0,,,,
20 % off,225,205,-20,,,,,you try,205,205,0,,,,,tap the,205,205,0,,,,,,,,,,,,,,,,,,,,,start your floral journey,447,468,21,get 30% off,205,205,0,,,,
grab yours now,226,206,-20,,,,,save big,206,206,0,,,,,i love it,206,206,0,,,,,,,,,,,,,,,,,,,,,sweeping away the boredom,448,469,21,great deal today,206,206,0,,,,
get yours today,227,207,-20,,,,,connect,207,207,0,,,,,any time,207,207,0,,,,,,,,,,,,,,,,,,,,,your jackpot awaits,449,470,21,radiant skin,207,207,0,,,,
feel good,228,208,-20,,,,,live now,208,208,0,,,,,at any time,208,208,0,,,,,,,,,,,,,,,,,,,,,вefend against hordes of enemies,450,471,21,shopblackfriday,208,208,0,,,,
click to,229,209,-20,,,,,get rewarded,209,209,0,,,,,colognes,209,209,0,,,,,,,,,,,,,,,,,,,,,brand new,451,472,21,free guide,209,209,0,,,,
crossbody,230,210,-20,,,,,download now and start,210,210,0,,,,,hairoil,210,210,0,,,,,,,,,,,,,,,,,,,,,play for free now,452,473,21,in detroit,210,210,0,,,,
summerdress,231,211,-20,,,,,this series is so incredible,211,211,0,,,,,hair removal,211,211,0,,,,,,,,,,,,,,,,,,,,,super fun,453,474,21,personalised trauma plan,211,211,0,,,,
loafers,232,212,-20,,,,,download and watch,212,212,0,,,,,en descuento hoy,212,212,0,,,,,,,,,,,,,,,,,,,,,level up,454,475,21,helped me,212,212,0,,,,
high waisted,233,213,-20,,,,,chat rooms,213,213,0,,,,,whitening toothpaste,213,213,0,,,,,,,,,,,,,,,,,,,,,fun game,455,476,21,joint pain,213,213,0,,,,
stickybra,234,214,-20,,,,,at $3.99,214,214,0,,,,,hair balm,214,214,0,,,,,,,,,,,,,,,,,,,,,download for free,456,477,21,self-care,214,214,0,,,,
white,235,215,-20,,,,,windows,215,215,0,,,,,clusters,215,215,0,,,,,,,,,,,,,,,,,,,,,build your empire,457,478,21,clinically proven,215,215,0,,,,
chain,236,216,-20,,,,,check out,216,216,0,,,,,hairbrush,216,216,0,,,,,,,,,,,,,,,,,,,,,come join,458,479,21,actually works,216,216,0,,,,
get 15% off,237,217,-20,,,,,the right,217,217,0,,,,,laser treatment,217,217,0,,,,,,,,,,,,,,,,,,,,,only people,459,480,21,let's talk,217,217,0,,,,
two piece set,238,218,-20,,,,,don’t miss,218,218,0,,,,,drleodryinglotion,218,218,0,,,,,,,,,,,,,,,,,,,,,billion diamonds,460,481,21,listen up,218,218,0,,,,
click to see,239,219,-20,,,,,new favorite,219,219,0,,,,,tintedbrowgel,219,219,0,,,,,,,,,,,,,,,,,,,,,find out why,461,482,21,consult your doctor,219,219,0,,,,
for spring and summer,240,220,-20,,,,,try out,220,220,0,,,,,link in bio,220,220,0,,,,,,,,,,,,,,,,,,,,,real cash rewards,462,483,21,lungdetox,220,220,0,,,,
colored contacts,241,221,-20,,,,,download for free,221,221,0,,,,,get yours,221,221,0,,,,,,,,,,,,,,,,,,,,,top 1 saving doggy game,463,484,21,free consult,221,221,0,,,,
don’t miss out,242,222,-20,,,,,free download now,222,222,0,,,,,blackfridaydeals,222,222,0,,,,,,,,,,,,,,,,,,,,,hit the jackpot,464,485,21,shop discount sale,222,222,0,,,,
sold out,243,223,-20,,,,,more for free,223,223,0,,,,,hands down,223,223,0,,,,,,,,,,,,,,,,,,,,,join this,465,486,21,check out,223,223,0,,,,
save big,244,224,-20,,,,,do everything you want,224,224,0,,,,,brown,224,224,0,,,,,,,,,,,,,,,,,,,,,check it out for yourself,466,487,21,learn more about,224,224,0,,,,
womens,245,225,-20,,,,,make your dance go viral,225,225,0,,,,,curly hair,225,225,0,,,,,,,,,,,,,,,,,,,,,dominate your opponents,467,488,21,miss out,225,225,0,,,,
casualoutfits,246,226,-20,,,,,delicious meals made simple,226,226,0,,,,,smells so good,226,226,0,,,,,,,,,,,,,,,,,,,,,give us,468,489,21,boost energy,226,226,0,,,,
overalls,247,227,-20,,,,,low on funds,227,227,0,,,,,full-size,227,227,0,,,,,,,,,,,,,,,,,,,,,join the epic battle,469,490,21,glow up,227,227,0,,,,
matching set,248,228,-20,,,,,app now,228,228,0,,,,,join now,228,228,0,,,,,,,,,,,,,,,,,,,,,over 30,470,491,21,digestive enzymes,228,228,0,,,,
only $3.99,249,229,-20,,,,,this amazing,229,229,0,,,,,lipplumper,229,229,0,,,,,,,,,,,,,,,,,,,,,this game is too difficult,471,492,21,glowing skin,229,229,0,,,,
widelegpants,250,230,-20,,,,,see for yourself,230,230,0,,,,,teeth whitening,230,230,0,,,,,,,,,,,,,,,,,,,,,best slots game,472,493,21,click that link,230,230,0,,,,
discover now,251,231,-20,,,,,ai chat,231,231,0,,,,,hair regrowth,231,231,0,,,,,,,,,,,,,,,,,,,,,download and find out,473,494,21,clean nutra,231,231,0,,,,
check out,252,232,-20,,,,,your baby,232,232,0,,,,,peel shot,232,232,0,,,,,,,,,,,,,,,,,,,,,get 2m free coins,474,495,21,drop inches feel powerful,232,232,0,,,,
off sitewide,253,233,-20,,,,,go live,233,233,0,,,,,water flosser,233,233,0,,,,,,,,,,,,,,,,,,,,,low-poly shooter,475,496,21,swipe left,233,233,0,,,,
3 pack,254,234,-20,,,,,free meal,234,234,0,,,,,summerfridays,234,234,0,,,,,,,,,,,,,,,,,,,,,meet your al soulmate,476,497,21,rainbow light vitamins,234,234,0,,,,
baggypants,255,235,-20,,,,,don’t miss out,235,235,0,,,,,make you more confident,235,235,0,,,,,,,,,,,,,,,,,,,,,ultimate low-poly shooter,477,498,21,,,,,,,,
"everyday look, elevated",256,236,-20,,,,,one click,236,236,0,,,,,see why,236,236,0,,,,,,,,,,,,,,,,,,,,,win big jackpots,478,499,21,,,,,,,,
pajamaset,257,237,-20,,,,,new users,237,237,0,,,,,pimple,237,237,0,,,,,,,,,,,,,,,,,,,,,going to love this game,1,21,20,,,,,,,,
cargopants,258,238,-20,,,,,try it for free,238,238,0,,,,,cosmetics,238,238,0,,,,,,,,,,,,,,,,,,,,,most addictive game,2,22,20,,,,,,,,
make it,259,239,-20,,,,,amazing app,239,239,0,,,,,this deal,239,239,0,,,,,,,,,,,,,,,,,,,,,try it,3,23,20,,,,,,,,
wear it,260,240,-20,,,,,photoshoot,240,240,0,,,,,vitamin c,240,240,0,,,,,,,,,,,,,,,,,,,,,puzzle game,4,24,20,,,,,,,,
for everyday,261,241,-20,,,,,15% off,241,241,0,,,,,best selling,241,241,0,,,,,,,,,,,,,,,,,,,,,"claim 1,000,000 welcome coins",5,25,20,,,,,,,,
diabetes,262,242,-20,,,,,call app,242,242,0,,,,,purple,242,242,0,,,,,,,,,,,,,,,,,,,,,"anytime, anywhere",6,26,20,,,,,,,,
tops,263,243,-20,,,,,fake call,243,243,0,,,,,kids,243,243,0,,,,,,,,,,,,,,,,,,,,,endless fun,7,27,20,,,,,,,,
wallets,264,244,-20,,,,,click and download rednote,244,244,0,,,,,blush,244,244,0,,,,,,,,,,,,,,,,,,,,,play for free,8,28,20,,,,,,,,
watch out,265,245,-20,,,,,real connections,245,245,0,,,,,discount sale,245,245,0,,,,,,,,,,,,,,,,,,,,,free to play,9,29,20,,,,,,,,
for everyday wear,266,246,-20,,,,,casual fun,246,246,0,,,,,natural looking,246,246,0,,,,,,,,,,,,,,,,,,,,,addictive game,10,30,20,,,,,,,,
all sizes,267,247,-20,,,,,claim $100,247,247,0,,,,,major double discount today,247,247,0,,,,,,,,,,,,,,,,,,,,,all day,11,31,20,,,,,,,,
sock,268,248,-20,,,,,edit photos and videos,248,248,0,,,,,real hair,248,248,0,,,,,,,,,,,,,,,,,,,,,stop playing,12,32,20,,,,,,,,
socks,269,249,-20,,,,,s harder than you think,249,249,0,,,,,sale prices,249,249,0,,,,,,,,,,,,,,,,,,,,,discover why,13,33,20,,,,,,,,
built in,270,250,-20,,,,,free now,250,250,0,,,,,100% human hair,250,250,0,,,,,,,,,,,,,,,,,,,,,commute game that’s not boring,14,34,20,,,,,,,,
scrubs,271,251,-20,,,,,free on,251,251,0,,,,,tintedsunscreen,251,251,0,,,,,,,,,,,,,,,,,,,,,real money,15,35,20,,,,,,,,
cap,272,252,-20,,,,,learn how,252,252,0,,,,,undereyebags,252,252,0,,,,,,,,,,,,,,,,,,,,,play to win real money,16,36,20,,,,,,,,
refresh your look,273,253,-20,,,,,learn how to,253,253,0,,,,,perfume mist,253,253,0,,,,,,,,,,,,,,,,,,,,,play this,17,37,20,,,,,,,,
exciting content,274,254,-20,,,,,lock screen,254,254,0,,,,,magneticlashe,254,254,0,,,,,,,,,,,,,,,,,,,,,controlled,18,38,20,,,,,,,,
link in bio,275,255,-20,,,,,start watching,255,255,0,,,,,undereye corrector,255,255,0,,,,,,,,,,,,,,,,,,,,,win real money,19,39,20,,,,,,,,
get yours now,276,256,-20,,,,,location tracking app,256,256,0,,,,,5 star rated sweat care,256,256,0,,,,,,,,,,,,,,,,,,,,,can you solve this puzzle,20,40,20,,,,,,,,
this winter,277,257,-20,,,,,make beats on the go,257,257,0,,,,,sweat care,257,257,0,,,,,,,,,,,,,,,,,,,,,make it,21,41,20,,,,,,,,
girl,278,258,-20,,,,,super stress-relieving games,258,258,0,,,,,check out,258,258,0,,,,,,,,,,,,,,,,,,,,,"free, free",22,42,20,,,,,,,,
yours today,279,259,-20,,,,,discover exciting live streams,259,259,0,,,,,girl,259,259,0,,,,,,,,,,,,,,,,,,,,,see this,23,43,20,,,,,,,,
must have,280,260,-20,,,,,check it,260,260,0,,,,,you guys,260,260,0,,,,,,,,,,,,,,,,,,,,,can you solve,24,44,20,,,,,,,,
game changer,281,261,-20,,,,,get it now,261,261,0,,,,,holy grail,261,261,0,,,,,,,,,,,,,,,,,,,,,casual mini-games,25,45,20,,,,,,,,
silver,282,262,-20,,,,,transform your look instantly,262,262,0,,,,,easy to use,262,262,0,,,,,,,,,,,,,,,,,,,,,play to win,26,46,20,,,,,,,,
i love this,283,263,-20,,,,,try this app for free,263,263,0,,,,,buy it,263,263,0,,,,,,,,,,,,,,,,,,,,,play now for free,27,47,20,,,,,,,,
two piece,284,264,-20,,,,,social app,264,264,0,,,,,grab this,264,264,0,,,,,,,,,,,,,,,,,,,,,real cash,28,48,20,,,,,,,,
exclusive offer,285,265,-20,,,,,tracking app,265,265,0,,,,,daily use,265,265,0,,,,,,,,,,,,,,,,,,,,,free coins,29,49,20,,,,,,,,
bodysuitshapewear,286,266,-20,,,,,get high,266,266,0,,,,,lip gloss,266,266,0,,,,,,,,,,,,,,,,,,,,,it now,30,50,20,,,,,,,,
everyday comfort,287,267,-20,,,,,first reading for free,267,267,0,,,,,for hair,267,267,0,,,,,,,,,,,,,,,,,,,,,get it,31,51,20,,,,,,,,
these jeans,288,268,-20,,,,,location tracking,268,268,0,,,,,for your skin,268,268,0,,,,,,,,,,,,,,,,,,,,,relieving stress and fatigue,32,52,20,,,,,,,,
bralette,289,269,-20,,,,,meet people,269,269,0,,,,,see results,269,269,0,,,,,,,,,,,,,,,,,,,,,stress and fatigue,33,53,20,,,,,,,,
watchband,290,270,-20,,,,,fake call app,270,270,0,,,,,eyeshadow,270,270,0,,,,,,,,,,,,,,,,,,,,,i can’t stop playing,34,54,20,,,,,,,,
project cloud shoes,291,271,-20,,,,,what are they hiding,271,271,0,,,,,free returns,271,271,0,,,,,,,,,,,,,,,,,,,,,solve this,35,55,20,,,,,,,,
push up,292,272,-20,,,,,dive into game features now,272,272,0,,,,,discount today,272,272,0,,,,,,,,,,,,,,,,,,,,,think you’re pro,36,56,20,,,,,,,,
workpant,293,273,-20,,,,,enjoy singing from today,273,273,0,,,,,double discount today,273,273,0,,,,,,,,,,,,,,,,,,,,,try level 3,37,57,20,,,,,,,,
lowest price,294,274,-20,,,,,start your free,274,274,0,,,,,lace wig,274,274,0,,,,,,,,,,,,,,,,,,,,,game now,38,58,20,,,,,,,,
sweats,295,275,-20,,,,,your free trial,275,275,0,,,,,whitening strips,275,275,0,,,,,,,,,,,,,,,,,,,,,challenge your brain,39,59,20,,,,,,,,
super comfortable,296,276,-20,,,,,for women,276,276,0,,,,,fade spots,276,276,0,,,,,,,,,,,,,,,,,,,,,take me,40,60,20,,,,,,,,
tote bag,297,277,-20,,,,,all free,277,277,0,,,,,grab the bundle,277,277,0,,,,,,,,,,,,,,,,,,,,,the toilet,41,61,20,,,,,,,,
v-neck,298,278,-20,,,,,call me,278,278,0,,,,,perfumecollection,278,278,0,,,,,,,,,,,,,,,,,,,,,this game is harder,42,62,20,,,,,,,,
oversizedhoodie,299,279,-20,,,,,make music,279,279,0,,,,,scrub set,279,279,0,,,,,,,,,,,,,,,,,,,,,play to win real cash,43,63,20,,,,,,,,
workboot,300,280,-20,,,,,my sister,280,280,0,,,,,cosrx,280,280,0,,,,,,,,,,,,,,,,,,,,,now for free,44,64,20,,,,,,,,
wide-leg jeans,301,281,-20,,,,,100% online,281,281,0,,,,,eyelashserum,281,281,0,,,,,,,,,,,,,,,,,,,,,personality iq test,45,65,20,,,,,,,,
65k men,302,282,-20,,,,,music app,282,282,0,,,,,save up to 56%,282,282,0,,,,,,,,,,,,,,,,,,,,,think it's easy,46,66,20,,,,,,,,
limited stock,303,283,-20,,,,,edit photos,283,283,0,,,,,curly wig,283,283,0,,,,,,,,,,,,,,,,,,,,,join the fun,47,67,20,,,,,,,,
80% off,304,284,-20,,,,,get cashback,284,284,0,,,,,press on nails,284,284,0,,,,,,,,,,,,,,,,,,,,,free to get,48,68,20,,,,,,,,
grab it,305,285,-20,,,,,for $0/month,285,285,0,,,,,100% money,285,285,0,,,,,,,,,,,,,,,,,,,,,5 minutes,49,69,20,,,,,,,,
all-day comfort,306,286,-20,,,,,need cash,286,286,0,,,,,30% off,286,286,0,,,,,,,,,,,,,,,,,,,,,prove it,50,70,20,,,,,,,,
built to last,307,287,-20,,,,,crypto exchange,287,287,0,,,,,20 % off,287,287,0,,,,,,,,,,,,,,,,,,,,,strategy game,51,71,20,,,,,,,,
one pair,308,288,-20,,,,,sketch on paper,288,288,0,,,,,buy 2 get 1 free,288,288,0,,,,,,,,,,,,,,,,,,,,,100 % free,52,72,20,,,,,,,,
straight leg,309,289,-20,,,,,make it,289,289,0,,,,,add to cart,289,289,0,,,,,,,,,,,,,,,,,,,,,win real cash,53,73,20,,,,,,,,
buy 2 get 2 free,310,290,-20,,,,,limited time,290,290,0,,,,,your cart,290,290,0,,,,,,,,,,,,,,,,,,,,,s harder than you think,54,74,20,,,,,,,,
yoga pants,311,291,-20,,,,,men,291,291,0,,,,,at-home,291,291,0,,,,,,,,,,,,,,,,,,,,,iq of 120 or higher,55,75,20,,,,,,,,
push up bra,312,292,-20,,,,,up now,292,292,0,,,,,collagen,292,292,0,,,,,,,,,,,,,,,,,,,,,this fun game,56,76,20,,,,,,,,
buy 2 get free 2,313,293,-20,,,,,get started today,293,293,0,,,,,body mist,293,293,0,,,,,,,,,,,,,,,,,,,,,level 7,57,77,20,,,,,,,,
classy,314,294,-20,,,,,shop now,294,294,0,,,,,that girl,294,294,0,,,,,,,,,,,,,,,,,,,,,casual fun,58,78,20,,,,,,,,
i’m obsessed,315,295,-20,,,,,come back,295,295,0,,,,,your teeth,295,295,0,,,,,,,,,,,,,,,,,,,,,my friend,59,79,20,,,,,,,,
your love,316,296,-20,,,,,descarga la app,296,296,0,,,,,antiagingskincare,296,296,0,,,,,,,,,,,,,,,,,,,,,90% of players failed,60,80,20,,,,,,,,
lounge set,317,297,-20,,,,,best dog training app,297,297,0,,,,,more confident,297,297,0,,,,,,,,,,,,,,,,,,,,,come and try it yourself,61,81,20,,,,,,,,
buttery soft,318,298,-20,,,,,dog training app,298,298,0,,,,,orange cart,298,298,0,,,,,,,,,,,,,,,,,,,,,everyone go play,62,82,20,,,,,,,,
corset,319,299,-20,,,,,clap to find your phone,299,299,0,,,,,conditioner,299,299,0,,,,,,,,,,,,,,,,,,,,,that's impossible,63,83,20,,,,,,,,
only $99,320,300,-20,,,,,find love,300,300,0,,,,,for your hair,300,300,0,,,,,,,,,,,,,,,,,,,,,"play anytime, anywhere",64,84,20,,,,,,,,
eyewear,321,301,-20,,,,,no bots,301,301,0,,,,,oily skin,301,301,0,,,,,,,,,,,,,,,,,,,,,super stress-relieving games,65,85,20,,,,,,,,
jeansoutfit,322,302,-20,,,,,each week,302,302,0,,,,,based bodyworks,302,302,0,,,,,,,,,,,,,,,,,,,,,can you do better,66,86,20,,,,,,,,
gold plated,323,303,-20,,,,,short on cash,303,303,0,,,,,eye patches,303,303,0,,,,,,,,,,,,,,,,,,,,,can you solve this,67,87,20,,,,,,,,
minimizer bra,324,304,-20,,,,,تعال والدردشة,304,304,0,,,,,get 35% off,304,304,0,,,,,,,,,,,,,,,,,,,,,try it now for free,68,88,20,,,,,,,,
fabric,325,305,-20,,,,,وحيد؟,305,305,0,,,,,grab the,305,305,0,,,,,,,,,,,,,,,,,,,,,giftcode: rokvictory,69,89,20,,,,,,,,
buy 3,326,306,-20,,,,,helps you,306,306,0,,,,,spots,306,306,0,,,,,,,,,,,,,,,,,,,,,try now,70,90,20,,,,,,,,
70%off,327,307,-20,,,,,check it out,307,307,0,,,,,signs of aging,307,307,0,,,,,,,,,,,,,,,,,,,,,casual games,71,91,20,,,,,,,,
4-pack,328,308,-20,,,,,download the app now,308,308,0,,,,,kojic acid,308,308,0,,,,,,,,,,,,,,,,,,,,,play anytime,72,92,20,,,,,,,,
for $29,329,309,-20,,,,,my friends,309,309,0,,,,,fabletics scrubs,309,309,0,,,,,,,,,,,,,,,,,,,,,left or right,73,93,20,,,,,,,,
full coverage,330,310,-20,,,,,take a look,310,310,0,,,,,hairgrowthoil,310,310,0,,,,,,,,,,,,,,,,,,,,,no one can pass,74,94,20,,,,,,,,
suitcase,331,311,-20,,,,,your door,311,311,0,,,,,syntheticwig,311,311,0,,,,,,,,,,,,,,,,,,,,,free play,75,95,20,,,,,,,,
last day promotion,332,312,-20,,,,,swipe left to learn more,312,312,0,,,,,limited edition,312,312,0,,,,,,,,,,,,,,,,,,,,,the battlefield,76,96,20,,,,,,,,
denimdress,333,313,-20,,,,,tap now,313,313,0,,,,,click the link,313,313,0,,,,,,,,,,,,,,,,,,,,,solve the puzzle,77,97,20,,,,,,,,
ridge wallet,334,314,-20,,,,,get your dream,314,314,0,,,,,spray,314,314,0,,,,,,,,,,,,,,,,,,,,,fall asleep,78,98,20,,,,,,,,
unibling colored lenses,335,315,-20,,,,,ar draw,315,315,0,,,,,for daily,315,315,0,,,,,,,,,,,,,,,,,,,,,100% free game,79,99,20,,,,,,,,
yours now,336,316,-20,,,,,create your own avatar,316,316,0,,,,,buy 2 get,316,316,0,,,,,,,,,,,,,,,,,,,,,"build towers, blast foes",80,100,20,,,,,,,,
new arrivals,337,317,-20,,,,,weight loss,317,317,0,,,,,castor oil,317,317,0,,,,,,,,,,,,,,,,,,,,,try it yourself,81,101,20,,,,,,,,
try this,338,318,-20,,,,,zero fees,318,318,0,,,,,give it,318,318,0,,,,,,,,,,,,,,,,,,,,,dominate the battlefield,82,102,20,,,,,,,,
formal,339,319,-20,,,,,before growing your hair,319,319,0,,,,,clear skin,319,319,0,,,,,,,,,,,,,,,,,,,,,try to,83,103,20,,,,,,,,
size m,340,320,-20,,,,,free reading,320,320,0,,,,,i’m so impressed,320,320,0,,,,,,,,,,,,,,,,,,,,,can your brain handle this,84,104,20,,,,,,,,
free today,341,321,-20,,,,,watching now,321,321,0,,,,,setting powder,321,321,0,,,,,,,,,,,,,,,,,,,,,miss out,85,105,20,,,,,,,,
blouse,342,322,-20,,,,,online ai chat,322,322,0,,,,,roll-on,322,322,0,,,,,,,,,,,,,,,,,,,,,try it now,86,106,20,,,,,,,,
womensclothing,343,323,-20,,,,,clean your phone,323,323,0,,,,,silky smooth,323,323,0,,,,,,,,,,,,,,,,,,,,,play instantly,87,107,20,,,,,,,,
fits all sizes,344,324,-20,,,,,50m+ downloads,324,324,0,,,,,double discount,324,324,0,,,,,,,,,,,,,,,,,,,,,every day,88,108,20,,,,,,,,
sports bra,345,325,-20,,,,,dating in your town,325,325,0,,,,,healthier hair,325,325,0,,,,,,,,,,,,,,,,,,,,,train your brain,89,109,20,,,,,,,,
tank,346,326,-20,,,,,try it out,326,326,0,,,,,must try,326,326,0,,,,,,,,,,,,,,,,,,,,,please help me,90,110,20,,,,,,,,
trackpants,347,327,-20,,,,,best app,327,327,0,,,,,deal ends tonight,327,327,0,,,,,,,,,,,,,,,,,,,,,rpg,91,111,20,,,,,,,,
workbag,348,328,-20,,,,,choose your,328,328,0,,,,,fix it,328,328,0,,,,,,,,,,,,,,,,,,,,,much fun,92,112,20,,,,,,,,
savvy backpack,349,329,-20,,,,,take control,329,329,0,,,,,hair growth serum,329,329,0,,,,,,,,,,,,,,,,,,,,,test your skills,93,113,20,,,,,,,,
blackfridaydeals,350,330,-20,,,,,tap in,330,330,0,,,,,shop discount,330,330,0,,,,,,,,,,,,,,,,,,,,,so much fun,94,114,20,,,,,,,,
75% off,351,331,-20,,,,,ai assistant,331,331,0,,,,,tiktok shop discount,331,331,0,,,,,,,,,,,,,,,,,,,,,beat level 2,95,115,20,,,,,,,,
tracksuit,352,332,-20,,,,,your free trial today,332,332,0,,,,,hair dye,332,332,0,,,,,,,,,,,,,,,,,,,,,cape,96,116,20,,,,,,,,
try these,353,333,-20,,,,,cash out,333,333,0,,,,,vitamin c serum,333,333,0,,,,,,,,,,,,,,,,,,,,,capes,97,117,20,,,,,,,,
sale ends midnight,354,334,-20,,,,,bad haircut insurance,334,334,0,,,,,her fantasy box,334,334,0,,,,,,,,,,,,,,,,,,,,,play free,98,118,20,,,,,,,,
tank top,355,335,-20,,,,,get reward now,335,335,0,,,,,lipmask,335,335,0,,,,,,,,,,,,,,,,,,,,,start playing,99,119,20,,,,,,,,
linen,356,336,-20,,,,,buy and sell,336,336,0,,,,,major double discount,336,336,0,,,,,,,,,,,,,,,,,,,,,adventure awaits,100,120,20,,,,,,,,
womenswear,357,337,-20,,,,,fun communication,337,337,0,,,,,neckcream,337,337,0,,,,,,,,,,,,,,,,,,,,,no ads,101,121,20,,,,,,,,
cowboy boots,358,338,-20,,,,,live wallpapers,338,338,0,,,,,batana oil,338,338,0,,,,,,,,,,,,,,,,,,,,,why is this so hard,102,122,20,,,,,,,,
size medium,359,339,-20,,,,,transform your screen,339,339,0,,,,,toner pads,339,339,0,,,,,,,,,,,,,,,,,,,,,have fun,103,123,20,,,,,,,,
fleece lined,360,340,-20,,,,,more followers,340,340,0,,,,,make it,340,340,0,,,,,,,,,,,,,,,,,,,,,free download,104,124,20,,,,,,,,
shapeweargirl,361,341,-20,,,,,find love your way,341,341,0,,,,,it works,341,341,0,,,,,,,,,,,,,,,,,,,,,for fun,105,125,20,,,,,,,,
wireless bra,362,342,-20,,,,,meet people near you live,342,342,0,,,,,must have,342,342,0,,,,,,,,,,,,,,,,,,,,,block puzzle,106,126,20,,,,,,,,
makeupbag,363,343,-20,,,,,racing games,343,343,0,,,,,grab your,343,343,0,,,,,,,,,,,,,,,,,,,,,no wifi,107,127,20,,,,,,,,
most comfortable everyday earrings,364,344,-20,,,,,take your,344,344,0,,,,,shop our,344,344,0,,,,,,,,,,,,,,,,,,,,,free spins,108,128,20,,,,,,,,
click the,365,345,-20,,,,,never miss,345,345,0,,,,,the end,345,345,0,,,,,,,,,,,,,,,,,,,,,looks easy,109,129,20,,,,,,,,
footwear,366,346,-20,,,,,next level,346,346,0,,,,,oil,346,346,0,,,,,,,,,,,,,,,,,,,,,think you can do better,110,130,20,,,,,,,,
49% off,367,347,-20,,,,,real life,347,347,0,,,,,mini,347,347,0,,,,,,,,,,,,,,,,,,,,,super satisfying,111,131,20,,,,,,,,
t-shirts,368,348,-20,,,,,take control of your,348,348,0,,,,,worth the hype,348,348,0,,,,,,,,,,,,,,,,,,,,,unlock fun,112,132,20,,,,,,,,
joggers,369,349,-20,,,,,1 free live video chat,349,349,0,,,,,stretch marks,349,349,0,,,,,,,,,,,,,,,,,,,,,many failed before,113,133,20,,,,,,,,
smart glasses,370,350,-20,,,,,make money,350,350,0,,,,,give it a try,350,350,0,,,,,,,,,,,,,,,,,,,,,never die,114,134,20,,,,,,,,
cowgirlboots,371,351,-20,,,,,scan it,351,351,0,,,,,transform your skin,351,351,0,,,,,,,,,,,,,,,,,,,,,free virtual coins,115,135,20,,,,,,,,
wonderful deal,372,352,-20,,,,,transform your hair in seconds,352,352,0,,,,,giftsforher,352,352,0,,,,,,,,,,,,,,,,,,,,,free now,116,136,20,,,,,,,,
aiglasses,373,353,-20,,,,,get $50,353,353,0,,,,,shampoo and conditioner,353,353,0,,,,,,,,,,,,,,,,,,,,,sign up,117,137,20,,,,,,,,
14k gold plated,374,354,-20,,,,,caller id app,354,354,0,,,,,tubing mascara,354,354,0,,,,,,,,,,,,,,,,,,,,,download the,118,138,20,,,,,,,,
crossnecklace,375,355,-20,,,,,find your phone,355,355,0,,,,,eye masks,355,355,0,,,,,,,,,,,,,,,,,,,,,playing this game,119,139,20,,,,,,,,
smart lenses,376,356,-20,,,,,design your dream,356,356,0,,,,,whiteteeth,356,356,0,,,,,,,,,,,,,,,,,,,,,free play now,120,140,20,,,,,,,,
every occasion,377,357,-20,,,,,watch for free today,357,357,0,,,,,try before,357,357,0,,,,,,,,,,,,,,,,,,,,,try this,121,141,20,,,,,,,,
come in,378,358,-20,,,,,click to continue,358,358,0,,,,,tranexamic acid,358,358,0,,,,,,,,,,,,,,,,,,,,,slow down,122,142,20,,,,,,,,
get them,379,359,-20,,,,,design your dream home,359,359,0,,,,,thinning spots,359,359,0,,,,,,,,,,,,,,,,,,,,,see what,123,143,20,,,,,,,,
wear this,380,360,-20,,,,,live streams,360,360,0,,,,,magnetic eyelashes,360,360,0,,,,,,,,,,,,,,,,,,,,,simulator,124,144,20,,,,,,,,
brown,381,361,-20,,,,,meet girls online,361,361,0,,,,,lash magic,361,361,0,,,,,,,,,,,,,,,,,,,,,only 1% can pass,125,145,20,,,,,,,,
tap to,382,362,-20,,,,,that free,362,362,0,,,,,girlies,362,362,0,,,,,,,,,,,,,,,,,,,,,think you’re right,126,146,20,,,,,,,,
starts now,383,363,-20,,,,,interior designer,363,363,0,,,,,starts here,363,363,0,,,,,,,,,,,,,,,,,,,,,apocalyptic wasteland,127,147,20,,,,,,,,
up to 60%off,384,364,-20,,,,,level up,364,364,0,,,,,wake up,364,364,0,,,,,,,,,,,,,,,,,,,,,don't miss out,128,148,20,,,,,,,,
for the girls,385,365,-20,,,,,peace of mind,365,365,0,,,,,use it,365,365,0,,,,,,,,,,,,,,,,,,,,,help me,129,149,20,,,,,,,,
suit,386,366,-20,,,,,download it now,366,366,0,,,,,miss it,366,366,0,,,,,,,,,,,,,,,,,,,,,can you solve it,130,150,20,,,,,,,,
lace,387,367,-20,,,,,click here,367,367,0,,,,,miss this,367,367,0,,,,,,,,,,,,,,,,,,,,,puzzle adventure,131,151,20,,,,,,,,
love story,388,368,-20,,,,,the next level,368,368,0,,,,,35% off,368,368,0,,,,,,,,,,,,,,,,,,,,,choose a robot,132,152,20,,,,,,,,
necklaces,389,369,-20,,,,,listen up,369,369,0,,,,,valentine’s day,369,369,0,,,,,,,,,,,,,,,,,,,,,see what you can do,133,153,20,,,,,,,,
number 1,390,370,-20,,,,,pay off,370,370,0,,,,,right here,370,370,0,,,,,,,,,,,,,,,,,,,,,find out,134,154,20,,,,,,,,
zip up,391,371,-20,,,,,gps tracker,371,371,0,,,,,try them,371,371,0,,,,,,,,,,,,,,,,,,,,,play games,135,155,20,,,,,,,,
100% cotton,392,372,-20,,,,,meet new people,372,372,0,,,,,it’s on sale,372,372,0,,,,,,,,,,,,,,,,,,,,,know what,136,156,20,,,,,,,,
get 2 free,393,373,-20,,,,,photos and videos,373,373,0,,,,,our website,373,373,0,,,,,,,,,,,,,,,,,,,,,tag a friend,137,157,20,,,,,,,,
good deal,394,374,-20,,,,,tap here,374,374,0,,,,,radiant skin,374,374,0,,,,,,,,,,,,,,,,,,,,,piano game,138,158,20,,,,,,,,
barefoot shoes,395,375,-20,,,,,get 25%,375,375,0,,,,,skin tone,375,375,0,,,,,,,,,,,,,,,,,,,,,this piano game totally pops,139,159,20,,,,,,,,
denimjeans,396,376,-20,,,,,take the test,376,376,0,,,,,skincareproducts,376,376,0,,,,,,,,,,,,,,,,,,,,,playing games,161,181,20,,,,,,,,
short sleeve,397,377,-20,,,,,clap to find,377,377,0,,,,,botox,377,377,0,,,,,,,,,,,,,,,,,,,,,color the way you are,162,182,20,,,,,,,,
longsleeveshirt,398,378,-20,,,,,remote control,378,378,0,,,,,christmas sale,378,378,0,,,,,,,,,,,,,,,,,,,,,game on,163,183,20,,,,,,,,
perfect for daily use,399,379,-20,,,,,discover who’s live tonight,379,379,0,,,,,best deal,379,379,0,,,,,,,,,,,,,,,,,,,,,your free,164,184,20,,,,,,,,
blue light,400,380,-20,,,,,learn spanish,380,380,0,,,,,shop discount sale,380,380,0,,,,,,,,,,,,,,,,,,,,,start playing now,165,185,20,,,,,,,,
compression shirt,401,381,-20,,,,,need quick cash,381,381,0,,,,,christmasgiftideas,381,381,0,,,,,,,,,,,,,,,,,,,,,free games,166,186,20,,,,,,,,
kingdom essential hoodie,402,382,-20,,,,,download it,382,382,0,,,,,hair color,382,382,0,,,,,,,,,,,,,,,,,,,,,be the best,167,187,20,,,,,,,,
lacebra,403,383,-20,,,,,100 % free,383,383,0,,,,,insane deal,383,383,0,,,,,,,,,,,,,,,,,,,,,challenge now,168,188,20,,,,,,,,
polarizedsunglass,404,384,-20,,,,,for free now,384,384,0,,,,,my friend,384,384,0,,,,,,,,,,,,,,,,,,,,,gift code,169,189,20,,,,,,,,
laptopbag,405,385,-20,,,,,cash app,385,385,0,,,,,sun damage,385,385,0,,,,,,,,,,,,,,,,,,,,,get ready,170,190,20,,,,,,,,
first order,406,386,-20,,,,,wallpapers,386,386,0,,,,,back guarantee,386,386,0,,,,,,,,,,,,,,,,,,,,,mini,171,191,20,,,,,,,,
every girl,407,387,-20,,,,,transform your look,387,387,0,,,,,growth serum,387,387,0,,,,,,,,,,,,,,,,,,,,,welcome bonus,172,192,20,,,,,,,,
every single,408,388,-20,,,,,hair styles,388,388,0,,,,,check your coupons,388,388,0,,,,,,,,,,,,,,,,,,,,,try for free,173,193,20,,,,,,,,
fleece,409,389,-20,,,,,cleanyourgallery,389,389,0,,,,,fast 3-day shipping,389,389,0,,,,,,,,,,,,,,,,,,,,,heads up,174,194,20,,,,,,,,
best sellers,410,390,-20,,,,,ai interior design app,390,390,0,,,,,for healthy hair,390,390,0,,,,,,,,,,,,,,,,,,,,,keep playing,175,195,20,,,,,,,,
bluecollar,411,391,-20,,,,,get paid to play games,391,391,0,,,,,hair product,391,391,0,,,,,,,,,,,,,,,,,,,,,football game,176,196,20,,,,,,,,
50 pieces,412,392,-20,,,,,pay later,392,392,0,,,,,lash serum,392,392,0,,,,,,,,,,,,,,,,,,,,,merge and survive,177,197,20,,,,,,,,
get you one,413,393,-20,,,,,best ai interior design app,393,393,0,,,,,tiktok shop discount sale,393,393,0,,,,,,,,,,,,,,,,,,,,,free gift code: deerhunter,178,198,20,,,,,,,,
bodysuits,414,394,-20,,,,,"messages, organized and safe",394,394,0,,,,,discounts may vary,394,394,0,,,,,,,,,,,,,,,,,,,,,gift code: deerhunter,179,199,20,,,,,,,,
caps,415,395,-20,,,,,trusted by millions,395,395,0,,,,,hair serum,395,395,0,,,,,,,,,,,,,,,,,,,,,solve daily crosswords,180,200,20,,,,,,,,
outerwear,416,396,-20,,,,,create your viral dance video,396,396,0,,,,,hygieneproducts,396,396,0,,,,,,,,,,,,,,,,,,,,,your turn,221,241,20,,,,,,,,
crossbody bag,417,397,-20,,,,,find out who called,397,397,0,,,,,join us live now,397,397,0,,,,,,,,,,,,,,,,,,,,,dive into the fun,222,242,20,,,,,,,,
shoulderbag,418,398,-20,,,,,0/month,398,398,0,,,,,lip tint,398,398,0,,,,,,,,,,,,,,,,,,,,,win the game,223,243,20,,,,,,,,
smart ring,419,399,-20,,,,,for playing,399,399,0,,,,,only $69,399,399,0,,,,,,,,,,,,,,,,,,,,,play right now,224,244,20,,,,,,,,
baggysweats,420,400,-20,,,,,phone service,400,400,0,,,,,makeupkit,400,400,0,,,,,,,,,,,,,,,,,,,,,can you figure it out,225,245,20,,,,,,,,
50%off only today,421,401,-20,,,,,tap to watch the drama,401,401,0,,,,,best selling boujee body oil,401,401,0,,,,,,,,,,,,,,,,,,,,,compete in 1v1 hunting duels,226,246,20,,,,,,,,
clear vision,422,402,-20,,,,,turn your insights into trades,402,402,0,,,,,boujee body oil,402,402,0,,,,,,,,,,,,,,,,,,,,,code: deerhunter,227,247,20,,,,,,,,
special edition cap collection,423,403,-20,,,,,got you,403,403,0,,,,,double wear,403,403,0,,,,,,,,,,,,,,,,,,,,,conquer or be conquered,228,248,20,,,,,,,,
bagsmart,424,404,-20,,,,,are here,404,404,0,,,,,get perfect eyebrows effortlessly,404,404,0,,,,,,,,,,,,,,,,,,,,,play,229,249,20,,,,,,,,
coolest contacts for the holidays,425,405,-20,,,,,get more,405,405,0,,,,,teethwhitening #whiteteeth,405,405,0,,,,,,,,,,,,,,,,,,,,,game of the year,230,250,20,,,,,,,,
cottonunderwear,426,406,-20,,,,,join us,406,406,0,,,,,79%off only today,406,406,0,,,,,,,,,,,,,,,,,,,,,more fun,231,251,20,,,,,,,,
best looking colored contact,427,407,-20,,,,,must-have,407,407,0,,,,,new favorite,407,407,0,,,,,,,,,,,,,,,,,,,,,sign up and start playing,232,252,20,,,,,,,,
miss this,428,408,-20,,,,,get your free,408,408,0,,,,,free gift,408,408,0,,,,,,,,,,,,,,,,,,,,,many levels can you pass,233,253,20,,,,,,,,
grab yours today,429,409,-20,,,,,no ads,409,409,0,,,,,selling out,409,409,0,,,,,,,,,,,,,,,,,,,,,fun and relaxing,234,254,20,,,,,,,,
your winter,430,410,-20,,,,,game-changer,410,410,0,,,,,this winter,410,410,0,,,,,,,,,,,,,,,,,,,,,brain teaser,235,255,20,,,,,,,,
free gift,431,411,-20,,,,,your dog,411,411,0,,,,,time offer,411,411,0,,,,,,,,,,,,,,,,,,,,,block blast,236,256,20,,,,,,,,
wearing it,432,412,-20,,,,,earn cash,412,412,0,,,,,watch this,412,412,0,,,,,,,,,,,,,,,,,,,,,tame him,237,257,20,,,,,,,,
diamonds,433,413,-20,,,,,more fun,413,413,0,,,,,you should,413,413,0,,,,,,,,,,,,,,,,,,,,,"fun game, easy play",238,258,20,,,,,,,,
your door,434,414,-20,,,,,free time,414,414,0,,,,,perfect gift,414,414,0,,,,,,,,,,,,,,,,,,,,,are you ready,239,259,20,,,,,,,,
daily use,435,415,-20,,,,,cash back,415,415,0,,,,,you try,415,415,0,,,,,,,,,,,,,,,,,,,,,play today,240,260,20,,,,,,,,
2 free,436,416,-20,,,,,tattoo,416,416,0,,,,,sale ends tonight,416,416,0,,,,,,,,,,,,,,,,,,,,,epic battles,281,301,20,,,,,,,,
2-piece set,437,417,-20,,,,,fixing your hair,417,417,0,,,,,try it today,417,417,0,,,,,,,,,,,,,,,,,,,,,satisfying game,282,302,20,,,,,,,,
skullcap,438,418,-20,,,,,free video call,418,418,0,,,,,huge sale,418,418,0,,,,,,,,,,,,,,,,,,,,,watch me,283,303,20,,,,,,,,
hoes,439,419,-20,,,,,transform your home,419,419,0,,,,,like magic,419,419,0,,,,,,,,,,,,,,,,,,,,,build your defense,284,304,20,,,,,,,,
baggy sweatpants,440,420,-20,,,,,100% private security,420,420,0,,,,,tap to,420,420,0,,,,,,,,,,,,,,,,,,,,,try to survive,285,305,20,,,,,,,,
strapless bra,441,421,-20,,,,,make your picks today,421,421,0,,,,,visible results,421,421,0,,,,,,,,,,,,,,,,,,,,,world awaits your hunt,286,306,20,,,,,,,,
fda-approved,442,422,-20,,,,,pregnancy tracker app,422,422,0,,,,,full size,422,422,0,,,,,,,,,,,,,,,,,,,,,get me,287,307,20,,,,,,,,
skinnyjean,443,423,-20,,,,,creat stunning photos in seconds,423,423,0,,,,,natural hair,423,423,0,,,,,,,,,,,,,,,,,,,,,can you connect them all,288,308,20,,,,,,,,
built in bra,444,424,-20,,,,,earn extra money,424,424,0,,,,,spf 50,424,424,0,,,,,,,,,,,,,,,,,,,,,fight zombies and escape,289,309,20,,,,,,,,
brighten your eyes,445,425,-20,,,,,free 3,425,425,0,,,,,crazy sale,425,425,0,,,,,,,,,,,,,,,,,,,,,free tile game,290,310,20,,,,,,,,
this summer,446,426,-20,,,,,get answers,426,426,0,,,,,body butter,426,426,0,,,,,,,,,,,,,,,,,,,,,hardcore game,291,311,20,,,,,,,,
know what,447,427,-20,,,,,gps tracker for your safe,427,427,0,,,,,it a try,427,427,0,,,,,,,,,,,,,,,,,,,,,life is merge,292,312,20,,,,,,,,
for winter,448,428,-20,,,,,join millions of creators today,428,428,0,,,,,leather,428,428,0,,,,,,,,,,,,,,,,,,,,,"10,000,000 free virtual coins",293,313,20,,,,,,,,
find your perfect,449,429,-20,,,,,online pregnancy test,429,429,0,,,,,amazing discount,429,429,0,,,,,,,,,,,,,,,,,,,,,master the traffic flow,294,314,20,,,,,,,,
perfect gift,450,430,-20,,,,,clean your inbox for free,430,430,0,,,,,be careful,430,430,0,,,,,,,,,,,,,,,,,,,,,rule the city streets,295,315,20,,,,,,,,
for the holidays,451,431,-20,,,,,find amazing local deals now,431,431,0,,,,,dead skin,431,431,0,,,,,,,,,,,,,,,,,,,,,best game,296,316,20,,,,,,,,
selling out,452,432,-20,,,,,christmas,432,432,0,,,,,pimple patches,432,432,0,,,,,,,,,,,,,,,,,,,,,chance to win,297,317,20,,,,,,,,
turn heads,453,433,-20,,,,,stay on,433,433,0,,,,,facemask,433,433,0,,,,,,,,,,,,,,,,,,,,,new players,298,318,20,,,,,,,,
free delivery,454,434,-20,,,,,girls,434,434,0,,,,,hairgrowth #hairgrowthtips,434,434,0,,,,,,,,,,,,,,,,,,,,,playing now,299,319,20,,,,,,,,
hurry up,455,435,-20,,,,,join our,435,435,0,,,,,headband,435,435,0,,,,,,,,,,,,,,,,,,,,,chơi ngay,381,401,20,,,,,,,,
sweaters,456,436,-20,,,,,for a limited time,436,436,0,,,,,pads,436,436,0,,,,,,,,,,,,,,,,,,,,,test your brain,382,402,20,,,,,,,,
this deal,457,437,-20,,,,,try free,437,437,0,,,,,pomade,437,437,0,,,,,,,,,,,,,,,,,,,,,your reward,383,403,20,,,,,,,,
giftsforher,458,438,-20,,,,,all day,438,438,0,,,,,shopping cart,438,438,0,,,,,,,,,,,,,,,,,,,,,great mind relaxer,384,404,20,,,,,,,,
2-piece,459,439,-20,,,,,1 free,439,439,0,,,,,gut health,439,439,0,,,,,,,,,,,,,,,,,,,,,mmorpg game,385,405,20,,,,,,,,
hands down,460,440,-20,,,,,watch this,440,440,0,,,,,hair growth journey,440,440,0,,,,,,,,,,,,,,,,,,,,,who can beat her score,386,406,20,,,,,,,,
giftsforhim,461,441,-20,,,,,download the app today,441,441,0,,,,,hypochlorous acid,441,441,0,,,,,,,,,,,,,,,,,,,,,1 mahjong game,387,407,20,,,,,,,,
baggy jeans,462,442,-20,,,,,get 50%,442,442,0,,,,,money-back guarantee,442,442,0,,,,,,,,,,,,,,,,,,,,,only 1% people,388,408,20,,,,,,,,
jean,1,,,,,,,the link in bio,443,443,0,,,,,try them all,443,443,0,,,,,,,,,,,,,,,,,,,,,play the sweetest game,389,409,20,,,,,,,,
jeans,2,,,,,,,the test,444,444,0,,,,,hd lace,444,444,0,,,,,,,,,,,,,,,,,,,,,virtual slots,390,410,20,,,,,,,,
bra,3,,,,,,,find the best,445,445,0,,,,,lash map,445,445,0,,,,,,,,,,,,,,,,,,,,,check it out,391,411,20,,,,,,,,
dress,4,,,,,,,gift cards,446,446,0,,,,,smudge-proof,446,446,0,,,,,,,,,,,,,,,,,,,,,check it,392,412,20,,,,,,,,
shoe,5,,,,,,,perfect match,447,447,0,,,,,"thicker, fuller hair",447,447,0,,,,,,,,,,,,,,,,,,,,,play free now,393,413,20,,,,,,,,
free shipping,6,,,,,,,training app,448,448,0,,,,,transform your smile,448,448,0,,,,,,,,,,,,,,,,,,,,,sign up now,394,414,20,,,,,,,,
shoes,7,,,,,,,endless fun,449,449,0,,,,,100% money-back,449,449,0,,,,,,,,,,,,,,,,,,,,,every single,395,415,20,,,,,,,,
men,8,,,,,,,bad boy,450,450,0,,,,,custom dentures,450,450,0,,,,,,,,,,,,,,,,,,,,,start earning,396,416,20,,,,,,,,
pant,9,,,,,,,please click,451,451,0,,,,,drying lotion,451,451,0,,,,,,,,,,,,,,,,,,,,,free draws,397,417,20,,,,,,,,
leggings,10,,,,,,,useful app,452,452,0,,,,,hairgrowth #antihairfall,452,452,0,,,,,,,,,,,,,,,,,,,,,for all ages,398,418,20,,,,,,,,
pants,11,,,,,,,click to download and watch,453,453,0,,,,,microperfumes,453,453,0,,,,,,,,,,,,,,,,,,,,,join today,399,419,20,,,,,,,,
shapewear,12,,,,,,,come and take a look,454,454,0,,,,,stoothpaste,454,454,0,,,,,,,,,,,,,,,,,,,,,all ages,400,420,20,,,,,,,,
shop now,13,,,,,,,online for free,455,455,0,,,,,straight wig,455,455,0,,,,,,,,,,,,,,,,,,,,,come join us,421,441,20,,,,,,,,
bag,14,,,,,,,join blk,456,456,0,,,,,summerfridays #summerfridayslipbalm,456,456,0,,,,,,,,,,,,,,,,,,,,,dive in,422,442,20,,,,,,,,
ring,15,,,,,,,find your match now,457,457,0,,,,,wig grip,457,457,0,,,,,,,,,,,,,,,,,,,,,win cash,423,443,20,,,,,,,,
watch,16,,,,,,,meet your dream now,458,458,0,,,,,custom-fit dentures,458,458,0,,,,,,,,,,,,,,,,,,,,,immerse yourself,424,444,20,,,,,,,,
underwear,17,,,,,,,pick just the best guy,459,459,0,,,,,,,,,,,,,,,,,,,,,,,,,,,,,challenge your mind,425,445,20,,,,,,,,
50% off,18,,,,,,,at home,460,460,0,,,,,,,,,,,,,,,,,,,,,,,,,,,,,dive in and chase victory,426,446,20,,,,,,,,
boot,19,,,,,,,listen to,461,461,0,,,,,,,,,,,,,,,,,,,,,,,,,,,,,cash rewards,427,447,20,,,,,,,,
glass,20,,,,,,,easy to use,462,462,0,,,,,,,,,,,,,,,,,,,,,,,,,,,,,have a try,428,448,20,,,,,,,,
,,,,,,,,download this,463,463,0,,,,,,,,,,,,,,,,,,,,,,,,,,,,,keep your brain young,429,449,20,,,,,,,,
,,,,,,,,for free today,464,464,0,,,,,,,,,,,,,,,,,,,,,,,,,,,,,download for fun and free,430,450,20,,,,,,,,
,,,,,,,,self-care,465,465,0,,,,,,,,,,,,,,,,,,,,,,,,,,,,,win real cash rewards,431,451,20,,,,,,,,
,,,,,,,,discover more,466,466,0,,,,,,,,,,,,,,,,,,,,,,,,,,,,,accept the challenge,432,452,20,,,,,,,,
,,,,,,,,tracker app,467,467,0,,,,,,,,,,,,,,,,,,,,,,,,,,,,,best mmorpg game,433,453,20,,,,,,,,
,,,,,,,,ask anything,468,468,0,,,,,,,,,,,,,,,,,,,,,,,,,,,,,best simulation game of 2025,434,454,20,,,,,,,,
,,,,,,,,find your perfect,469,469,0,,,,,,,,,,,,,,,,,,,,,,,,,,,,,can you feed the hole,435,455,20,,,,,,,,
,,,,,,,,free to use,470,470,0,,,,,,,,,,,,,,,,,,,,,,,,,,,,,"claim 30,000,000 free coins",436,456,20,,,,,,,,
,,,,,,,,60 % off,471,471,0,,,,,,,,,,,,,,,,,,,,,,,,,,,,,craft stunning gems,437,457,20,,,,,,,,
,,,,,,,,digital camera,472,472,0,,,,,,,,,,,,,,,,,,,,,,,,,,,,,made it,438,458,20,,,,,,,,
,,,,,,,,live video,473,473,0,,,,,,,,,,,,,,,,,,,,,,,,,,,,,can you last 15 minutes,439,459,20,,,,,,,,
,,,,,,,,transform your hair,474,474,0,,,,,,,,,,,,,,,,,,,,,,,,,,,,,you play,280,,,,,,,,,,
,,,,,,,,your child's,475,475,0,,,,,,,,,,,,,,,,,,,,,,,,,,,,,tap the,420,,,,,,,,,,
,,,,,,,,for cash,476,476,0,,,,,,,,,,,,,,,,,,,,,,,,,,,,,,,,,,,,,,,,
,,,,,,,,hair in seconds,477,477,0,,,,,,,,,,,,,,,,,,,,,,,,,,,,,,,,,,,,,,,,
,,,,,,,,bible verses,478,478,0,,,,,,,,,,,,,,,,,,,,,,,,,,,,,,,,,,,,,,,,
,,,,,,,,stay updated,479,479,0,,,,,,,,,,,,,,,,,,,,,,,,,,,,,,,,,,,,,,,,
,,,,,,,,up to 60%off,480,480,0,,,,,,,,,,,,,,,,,,,,,,,,,,,,,,,,,,,,,,,,
,,,,,,,,watch live,481,481,0,,,,,,,,,,,,,,,,,,,,,,,,,,,,,,,,,,,,,,,,
,,,,,,,,continue watching more series,482,482,0,,,,,,,,,,,,,,,,,,,,,,,,,,,,,,,,,,,,,,,,
,,,,,,,,meet new friends,483,483,0,,,,,,,,,,,,,,,,,,,,,,,,,,,,,,,,,,,,,,,,
,,,,,,,,get paid to play,484,484,0,,,,,,,,,,,,,,,,,,,,,,,,,,,,,,,,,,,,,,,,
,,,,,,,,watching more series,485,485,0,,,,,,,,,,,,,,,,,,,,,,,,,,,,,,,,,,,,,,,,
,,,,,,,,all the hottest short dramas,486,486,0,,,,,,,,,,,,,,,,,,,,,,,,,,,,,,,,,,,,,,,,
,,,,,,,,create viral effects,487,487,0,,,,,,,,,,,,,,,,,,,,,,,,,,,,,,,,,,,,,,,,
,,,,,,,,in cash,488,488,0,,,,,,,,,,,,,,,,,,,,,,,,,,,,,,,,,,,,,,,,
,,,,,,,,streaming platform,489,489,0,,,,,,,,,,,,,,,,,,,,,,,,,,,,,,,,,,,,,,,,
,,,,,,,,high quality music creator,490,490,0,,,,,,,,,,,,,,,,,,,,,,,,,,,,,,,,,,,,,,,,
,,,,,,,,type faster on the go,491,491,0,,,,,,,,,,,,,,,,,,,,,,,,,,,,,,,,,,,,,,,,
,,,,,,,,universal remote,492,492,0,,,,,,,,,,,,,,,,,,,,,,,,,,,,,,,,,,,,,,,,
,,,,,,,,watch the rest,493,493,0,,,,,,,,,,,,,,,,,,,,,,,,,,,,,,,,,,,,,,,,
,,,,,,,,save food,494,494,0,,,,,,,,,,,,,,,,,,,,,,,,,,,,,,,,,,,,,,,,
,,,,,,,,stress-free meal planning,495,495,0,,,,,,,,,,,,,,,,,,,,,,,,,,,,,,,,,,,,,,,,
,,,,,,,,learn more,496,496,0,,,,,,,,,,,,,,,,,,,,,,,,,,,,,,,,,,,,,,,,
,,,,,,,,it's time,497,497,0,,,,,,,,,,,,,,,,,,,,,,,,,,,,,,,,,,,,,,,,
,,,,,,,,get this,498,498,0,,,,,,,,,,,,,,,,,,,,,,,,,,,,,,,,,,,,,,,,
,,,,,,,,download now for free,499,499,0,,,,,,,,,,,,,,,,,,,,,,,,,,,,,,,,,,,,,,,,
,,,,,,,,download this app,500,500,0,,,,,,,,,,,,,,,,,,,,,,,,,,,,,,,,,,,,,,,,
