New Hashtags,Rank,Risers,Change,Fallers,Change
galaxyai,13,stormprep,45,fitnesswatch,-42
sharkvacuum,20,galaxys26,43,emergencygear,-30
macbookair,23,3in1magnet,33,onefish,-28
teamgalaxy,35,grabadora,28,gamingearbuds,-26
tripode,38,daphino,19,weilisi,-17
repairing,42,handmixer,19,packagingmachine,-12
earprotection,50,otg,18,contentcreatorgear,-8
humanoid,51,portablechargers,17,portablepower,-7
heatedmassager,56,ledbulb,16,iphone18,-7
laserpointer,57,torras,13,chromebook,-6
amazonalexa,60,surveillance,11,portablenebulizer,-6
energyfreedom,64,smarttech,11,audifonostraductores,-5
djlights,69,freepower,11,smartcamera,-5
phonemonitoring,70,techtrends,10,flashforge,-4
pillowspeaker,72,homeelectronics,9,boostmobile,-4
