Apparel & Accessories,Appliances,Apps,"Baby, Kids & Maternity",Beauty & Personal Care,Business Services,E-Commerce (Non-app),Education,Financial Services,Food & Beverage,Games,Health,Home Improvement,Household Products,Life Services,News & Entertainment,Pets
underwear,buy now,for free,your baby,great deal,learn more,shop now,learn more,rated bbb,tea,this game,dental implants,free shipping,free shipping,deep cleaning for your space,this game,your dog
gold,black friday,free,your kids,wig,cleaning jobs,free shipping,learn how,offer expires today,protein coffee,tap to play,fda approved,50% off,shop now,cleaning solution is here,for free,50 %off
shop now,laser beauty treatments,try it,kids,amazing deal,grow your,join now,100% online,car insurance,meal prep,play now,for free,professional painting services,drawer dresser,dating in your town,10 chances,litter box
flash sale,camera,download now,baby,acne,quick & easy,live now,high school,get results instantly,coffee,free,affordable dental implants,your home,50% off,professional cleaners at your call,learn more,first order
boot,juicer,this app,pajamas,lash,for free,black friday,parents,get results,50 %off,perfect for breaks,learn more,mattress,your door,find the,dental implants,your first order
bodysuit,shop now,try boo now,mattress,black friday,tiktok promote,limited time,earn your degree,apply now,made easy,casual,for free services,bed frame,one piece,meet girls online,click to,for your dog
most comfortable,your home,try this,,lashes,professional delivery services,don’t miss out,apply today,learn more,use code,puzzles,reach out for free services,limited time,don’t miss out,laser beauty treatments,you try it,cat litter
boots,right now,watch more,,wigs,go viral,for spring,free workshop,credit check,first order,harder than you think,great deal,for real,black friday,cleaning services,had to try,get 50% off
15% off,great deal,it now,,makeup,try promote,for new app users,dental assistant,try this,your first order,for free,permanent teeth are 24hrs away,shop now,flash sale,roof repair service,my friends,get 50%
buy 1,amazing deal,click to,,perfumes,your business,new app,apply now,for free,free shipping,game is so much fun,for the new patients,sofa,toys,wedding flowers,get your,off your first order
1 free,limited time,try it now,,good deal,swipe left to learn more,new app users,from home,no credit check,off your first order,stressed out,clinically trusted glucose gel,only $29.9,great deal,cleaners,watch more,fresh food
shorts,at home,download the,,limited time,excavator operator,are here,discover how,most americans,order now,dive into game features now,for fast blood sugar recovery,mattresstopper,toy,your free,affordable dental implants,for 50% off
get free,vacuum cleaner,new app,,perfumetiktok,grow your tiktok fast,join our livestream now,free,get approved,gummies,love this game,glucose gel,real life,grab yours,reliable cleaners,play this,for 50%
necklace,steam cleaner,free episodes,,women,24 hours,come celebrate,learn how to,do this,gummy,get it now,"adjustment, exam and consultation",pillows,right now,laser treatment,make it,your pet
sold out soon,speaker,sign up,,wrinkles,more followers,shop until you drop,starts here,your car,get 50% off,tricky yet fun puzzles,try it,day sale,cookware,facial lifting clinic services,free,dog food
denim,,new app users,,this men,professional cleaning service job,new arrivals,medical assistant,your home,get 50%,feeling stressed,permanent teeth,upgrade your space,,professional cleaning services,continue watching,
for women,,for new app users,,free shipping,for your construction projects,discover more,learn more today,bad credit,limited time,tap to,your $29* voucher,transform your space,,laser treatment clinic,play this game,
bag,,best digital filters app,,all day,apply today,50 %off,sign up,see how,hot honey,10 chances,for daily,the right,,free 3,click to see more,
womensfashion,,digital filters app,,50 %off,legal consultation services,exclusive deals upcoming,help you,"5,000 same day loans",no sugar,try this little game,help you,washable rugs,,start your free,first reading for free,
free 2,,video chat,,wonderful deal,cleaning services,winter,make it,do this instead,stress-free,download now,for summer,seniors,,internet,dive into game features now,
hoodies,,curious about someone,,hair growth,apartment rental,for men,trading class,emergency loan,neurogum,this game is so addictive,for daily comfort,bathrooms,,laser dark spot removal,all day,
ring,,try it today,,laser dark spot removal,promote it today,flash sale,,5000 cash,free meal,going to love this game,ed pill,brand new,,dating app,tap to play,
24 hours,,quick & easy,,men,learn more about,up to 40% off,,need cash,zero sugar,discover why,new patients,20 % off,,for seniors,pass level 3,
buy 2,,from $0.99,,toothpaste,schedule a tour,20 % off,,auto insurance,chocolate,"anytime, anywhere",herbal extracts,flash sale,,limited time,try it,
backpack,,download the app,,deodorant,get started,for a limited time,,for car,great deal,endless fun,natural prostate relief gel,62%off,,join the waitlist now,discover why,
seamlessbra,,try now,,get it,video views,join our,,for car insurance,tealover,most addictive game,prostate relief gel,right now,,get up to 70%,take me,
this bra,,3 items,,cologne,help you,high-quality,,link below,delicious meals made simple,can you solve,dental implant clinics,camera,,get up,play now,
for any occasion,,is free,,body wash,contact us,right now,,stop overpaying,try it,controlled,support your daily glucose balance,black friday,,up to 70% off,perfect for breaks,
sweater,,loved ones,,try it,for eligible tenants,mask,,see if you,right now,play for free,urologist recommend,furniture,,get real flowers delivered,see more,
24 hours flash sale,,get your,,try this,get your,heritage british styles,,boost your credit,miss out,try it,exam and consultation,living room,,professional cleaning services nearby,click to see,
back in stock,,50 %off,,flash sale,real time,don’t miss,,refinance your home,olive oil,all day,winter,up to 50% off,,rejuvenate your face safely,swipe left to learn more,
glass,,go viral,,dark spots,tour today,swipe left to learn more,,credit cards,at home,stop playing,29* voucher,helps you,,50 %off,more for free,
glasses,,download now and try it,,fine lines,professional painting services,15% off,,save big,for a limited time,puzzle game,claim your $29,office chair,,free,watch more for free,
tummy control,,first chat is free,,shampoo,apartments,use code,,own your home,every time,casual mini-games,your $29,luxury bedding,,join the waitlist,wrinkles,
winter,,get up,,see this,roofing contractors,now live,,click to learn more,peanut butter,"claim 1,000,000 welcome coins",men,,,make it,know what,
shopblackfriday,,5 minutes,,check the,for warehouse workers,join us,,available now,high-quality,relieving stress and fatigue,free consultation,,,join now,tickets now,
1 get 1 free,,download and join now,,promotion may have ended,click to,join our live,,insurance,live now,stress and fatigue,register now for free,,,starts here,watch now,
buy 1 get 1,,for metalheads,,shop now,schedule a tour today,shop our,,loan options,,"free, free",collagen,,,use code,find out,
bras,,real people,,get your,explore excavator operators near me,low prices,,need cash fast,,addictive game,calms your prostate down,,,free registration,get tickets,
black,,find out,,right now,the right,jean,,free case review,,get it,micro ingredients,,,your love,this series is so incredible,
christmas,,this game,,shopblackfriday,start dashing today,jeans,,credit score,,free to play,now for free,,,"monday, feb",endless fun,
all day,,voice changer,,human hair,your free,cloth,,credit history,,play this,register now,,,christmas,get your tickets,
plus size,,free download,,hair loss,swipe left,clothes,,loan,,i can’t stop playing,click the,,,best gift,immerse yourself,
colored contacts,,dating app,,new obsession,link in bio,online now,,19 a month,,make it,blood sugar,,,flash sale,stop playing,
wirelessbra,,soulmate revealed,,sensitive skin,professional cleaning services nearby,get high,,from $39/month,,solve this,amazing deal,,,try this,sign up,
lens,,livestreaming social app,,great deal today,free,each week,,cash back,,it now,reach out,,,dating,you try,
grab yours,,stop scrolling,,serum,see the link,unique items,,click to,,play now for free,ed medication,,,valentine’s day,tap to,
waist trainer,,واحصل على,,for women,resume builder,check out,,get a free,,the toilet,get your,,,windows,your door,
lenses,,continue watching,,pressonnails,explore affordable apartment rentals nearby,christmas,,qualify today,,game now,free services,,,sign up,wanna know,
jacket,,harder than you think,,eau de parfum spray,promote your content,miss out,,get your,,free to get,your free,,,try it,u ready,
use code,,click to see more,,this video,right now,discover new,,americans,,real money,women,,,for a limited time,wanna know what happens next,
sunglass,,get paid,,live now,take your,time offer,,pet insurance,,strategy game,right now,,,get started,out now,
sunglasses,,send money,,korean skincare,free today,your door,,sign up,,see this,free shipping,,,free trial,parents,
tshirt,,made easy,,4 free gifts,see how,limited time offer,,your business,,free coins,weight loss,,,phone service,casual,
right now,,free app,,love it,grow your business,basedbodyworks,,your free,,win real money,probiotics,,,gift code flowersvip,tap below for details,
oversized,,now for free,,eye cream,house painting service,join the live,,take advantage,,this game is harder,check the,,,get your,link in bio,
size small,,see more,,under eye,sign up,40%off,,don’t wait,,think it's easy,every day,,,got you,watch the full episode,
get yours,,credit check,,eyelash,get paid,get yours,,see if you qualify,,join the fun,click the link,,,learn more,can’t stop watching,
valentine’s day,,free trial,,eyelashes,next level,every time,,free quote,,take me,this video,,,couples,game is so much fun,
for workouts,,fun ai filters,,tarte cosmetics,the next level,made easy,,get free,,solve the puzzle,try this,,,perfect gift,no one can pass,
true to size,,free up,,laser treatment,click to learn more,off sitewide,,get up,,this fun game,now available,,,limited time offer,join us,
dress pants,,best digital camera filters,,it now,100 % free,my code,,debit card,,can you solve this,lose weight,,,men,watch out,
bracelet,,find the,,dry skin,home,first order,,in cash,,the battlefield,the end,,,time offer,tap below,
dresses,,install now,,skincare routine,homes,get paid,,get $300 off,,now for free,pcos,,,self-care,let sleep music,
every color,,start your free trial,,moisturizer,professional excavator services,your first order,,this ramadan,,free play,24 hours,,,necklace,miss out,
discover now,,start your free trial today,,gel,your home,hair care,,help you,,real cash,limited time,,,ready to date,at home,
contact lenses,,right now,,nskincare,homes for sale,stock up,,click the,,think you’re pro,missing teeth,,,enter the gift code,casual fun,
don’t miss,,your free,,glass skin,need paving,60 % off,,click the link,,try level 3,take control,,,gift code,every day,
sneakers,,real time,,natural deodorant,5 minutes,every moment,,free consultation,,fall asleep,see if you,,,,in virginia,
long sleeve,,this free,,3.4 oz,try for free,exclusive deals,,get your free,,can you solve this puzzle,link in bio,,,,super stress-relieving games,
great deal,,find your match,,bask and lather,new home,new collection,,pay off,,play to win,gut health,,,,one piece,
v-neck sweatshirt,,that easy,,calms your prostate down,for cash,for 20,,tap below,,come and try it yourself,shop now,,,,try level 3,
limited time,,your turn,,every day,cash offer,for 20%off,,life insurance,,dominate the battlefield,it works,,,,your free,
pink,,ai filters,,the right,dishwasher services,out now,,300 off,,everyone go play,mental health,,,,your home,
casual,,easy and fun,,skin care,free consultation,straight to your door,,insurance quotes,,casual fun,click to,,,,click to learn more,
new favorite,,realtime location,,mask,time insights,,,,,100 % free,gel,,,,windows,
streetwear,,tracking calories,,for mature skin,bedroom apartments,,,,,challenge your brain,hearing aids,,,,watch more episodes,
for men,,meet up,,full coverage,now leasing,,,,,super stress-relieving games,hear clearly without the hassle,,,,think you’re pro,
get one,,tracking now,,check the product,tiktok ads,,,,,try now,madmuscles,,,,play to win real cash,
jumpsuit,,dream home,,permanent teeth are 24hrs away,find out,,,,,left or right,game changer,,,,order now,
cloth,,click to see,,at home,free case,,,,,giftcode: rokvictory,take control of your,,,,24 hours,
top,,ai tutor,,clinically proven,create an account,,,,,try to,liver support,,,,pre-order,
buy one get one free,,healthy eating made effortless,,real results,create an account today,,,,,"play anytime, anywhere",acne,,,,get protected,
work pants,,free today,,black friday sale,tap below for details,,,,,no one can pass,see if you qualify,,,,get protected now,
65k men,,chat now,,fragrance,use tiktok,,,,,play to win real money,call us,,,,need help falling asleep,
summer,,high-quality,,sunscreen,start your free,,,,,play anytime,get all,,,,"shine brighter, smile wider",
miss out,,meal prep,,check the product page,tap below,,,,,free spins,wonderful deal,,,,prove it,
buy one,,learna ai,,grab the bundle,now open,,,,,100% free game,call us today,,,,try now,
clothes,,all for free,,drleodryinglotion,start your business,,,,,can your brain handle this,stethoscope,,,,get tickets now,
mini,,up for some prank fun,,every time,click to get,,,,,can you solve it,get free,,,,you deserve,
so cute,,tap to,,friday sale,click the link,,,,,"build towers, blast foes",blood pressure,,,,commute game that’s not boring,
amazing deal,,free shipping,,actually works,u.s. cities,,,,,see what,30% off,,,,don’t miss,
wide leg,,use code: ae15,,dark circles,get a free,,,,,choose a robot,gummy,,,,pre-order now,
engagement rings,,use code,,concealer,disability benefits,,,,,see what you can do,more energy,,,,tickets on sale,
buy 2 get 2 free,,ai chat,,70%off,try for free today,,,,,every day,for kids,,,,real cash,
jelly bra,,click to watch,,4 free,limited time,,,,,apocalyptic wasteland,100% online,,,,can’t stop playing,
high quality,,ai video,,lip stain,click the,,,,,win real cash,your free consultation,,,,free registration,
any occasion,,dating,,en descuento hoy,make it,,,,,no ads,permanent teeth in 24 hours,,,,check out,
elegant,,playing games,,now available,try it,,,,,rpg,learn more on our site,,,,right now,
live now,,take 50% off,,make it,link in our bio,,,,,much fun,liquid collagen,,,,5 minutes,
loungewear,,get 15% off,,stock up,at home,,,,,prove it,neocell collagen,,,,desliza a la izquierda,
pajamas,,every time,,long-lasting,join our,,,,,so much fun,laser treatment clinic,,,,easy and fun,
purse,,try our,,60 % off,you deserve,,,,,no wifi,qualify today,,,,tracking calories,
diabetes,,ai app,,lip balm,try it now,,,,,free play now,4 implants,,,,get it,
totebag,,clean up,,i’m obsessed,for free today,,,,,play to win real cash,for women,,,,find out what,
10 new years clearance sale,,get cash,,hair care,this app,,,,,got lucky on level 1,gummies,,,,get your free,
push up,,find someone,,anti-aging,swipe left to learn,,,,,piano game,nitric oxide,,,,get paid,
push up bra,,watch more episodes,,glowing skin,ads manager,,,,,this piano game totally pops,blood flow,,,,click to learn,
the right,,delicious meals made simple,,skin barrier,your phone,,,,,miss out,see why,,,,real money,
black friday sale,,don’t miss,,valentinesday,it now,,,,,never die,get 30%,,,,don’t miss out,
get one free,,see what,,grab the,new app,,,,,adventure awaits,get 30% off,,,,check it,
save big,,stress-free,,perfumetok,new app users,,,,,your free,good deal,,,,book,
one free,,try this app,,half wig,hvac companies,,,,,personality iq test,full size,,,,apply today,
2pieceset,,your iphone,,kojic acid,professional line drawing,,,,,best burger chef in town,the right,,,,tired of constant interruptions,
savvy backpack,,video call,,lash clusters,,,,,,play free,discover how,,,,for eligible tenants,
unibling colored lenses,,which hairstyle suits you,,lashserum,,,,,,download the,wake up,,,,sleep music,
make it,,free meal,,in men,,,,,,try this,flash sale,,,,live now,
cute,,see for yourself,,uk's most awarded natural deodorant,,,,,,know what,tap the,,,,tickets,
sold out,,get rewarded,,link in bio,,,,,,unlock fun,shilajit,,,,come join us,
cotton,,exciting content,,for a limited time,,,,,,start playing,blue tube,,,,get your tickets today,
super comfortable,,caller id,,back in stock,,,,,,try it now,hemorrhoids problems,,,,learn how,
sale ends midnight,,watch more for free,,try our,,,,,,don't miss out,less stress,,,,grab your,
buy one get,,no credit checks,,foundation,,,,,,try it yourself,free consult,,,,up now,
buy one get one,,this game mocks me,,use it,,,,,,puzzle adventure,affordable hearing aids,,,,your phone,
one get one free,,get it,,lipstick,,,,,,can you solve them all,for $98,,,,now for free,
discounts disappear soon,,get started,,smooth skin,,,,,,free now,see if you qualify today,,,,kissing the wrong brother,
must-have,,start now,,body lotion,,,,,,relaxing game,,,,,for your home,
love it,,save big,,lip liner,,,,,,many failed before,,,,,stressed out,
red,,your loved ones,,lip oil,,,,,,actually a bit challenging,,,,,play to win,
try it,,call app,,setting powder,,,,,,try for free,,,,,watch the rest,
every moment,,social app,,roll-on,,,,,,cape,,,,,cash offer,
all-day comfort,,get high,,for your hair,,,,,,capes,,,,,find the,
clearance sale,,tap to play,,silky smooth,,,,,,iq of 120 or higher,,,,,limited time,
christmasgiftideas,,chat here,,join now,,,,,,magical addictive games,,,,,sign up now,
sweatshirt,,now online,,join us live now,,,,,,for fun,,,,,swipe left,
try these,,can you do better,,whitening toothpaste,,,,,,think you can do better,,,,,all night,
shirts,,miss out,,glueless wig,,,,,,be the best,,,,,apply now,
starts now,,app now,,permanent teeth,,,,,,join the challenge now,,,,,free to play,
fda-approved,,download today,,for men,,,,,,slow down,,,,,in atlanta,
most comfortable everyday earrings,,sign up now,,game changer,,,,,,challenge now,,,,,free guide,
don’t miss out,,"anytime, anywhere",,i love this,,,,,,playing this game,,,,,in irvine,
find the,,short dramas,,cream,,,,,,train your brain,,,,,ready to meet your soulmate,
every day,,make music,,grab your,,,,,,gift code,,,,,see you,
click the,,more for free,,every single,,,,,,super satisfying,,,,,click here,
i’m obsessed,,chat rooms,,buy it,,,,,,can you do better,,,,,your child,
for work,,your friends,,vitamin c,,,,,,clear the board,,,,,click to watch,
wearing it,,join now,,body oil,,,,,,free tile game play now,,,,,"anytime, anywhere",
panty,,your home,,body care,,,,,,casual games,,,,,on fire,
straight leg,,get reward now,,edge control,,,,,,can you survive,,,,,march 6,
panties,,fake call,,any time,,,,,,help me,,,,,dental implant clinics,
these jeans,,click and download rednote,,eye bags,,,,,,stress-relieving,,,,,chance to win,
wonderful deal,,boost your credit,,at any time,,,,,,move in,,,,,get back,
brighten your eyes,,each week,,bb cream,,,,,,only 1% can pass,,,,,your love,
get it,,fake call app,,great deal today only,,,,,,tag a friend,,,,,now open,
must have,,enjoy singing from today,,teeth whitening,,,,,,heads up,,,,,self-care,
wallet,,unique items,,current price,,,,,,keep playing,,,,,get your tickets now,
game changer,,new users,,deal ends tonight,,,,,,download and play,,,,,work hard,
sandals,,play this,,razor,,,,,,free download,,,,,play now for free,
plussizefashion,,sketch on paper,,lace wig,,,,,,test your skills,,,,,stress-relieving,
work boots,,create your own,,one size,,,,,,solve it,,,,,win real money,
contacts,,watch now,,real hair,,,,,,free gift,,,,,meet your soulmate,
compressionshirt,,your childhood,,peel shot,,,,,,beat level 2,,,,,win real cash,
10 new years clearance,,try this app for free,,30% off,,,,,,please help me,,,,,watch the full,
buy 2 get free 2,,free up space,,don’t miss,,,,,,have fun,,,,,miss it,
progressive lenses,,play this game,,christmas,,,,,,play instantly,,,,,do this,
unibling colored contacts,,low on funds,,use code,,,,,,hit the,,,,,rpg,
best-selling,,photo book app,,help you,,,,,,world awaits your hunt,,,,,in the office,
bags,,تعال والدردشة,,use this,,,,,,5 minutes,,,,,learn more about,
for spring,,وحيد؟,,holy grail,,,,,,start playing now,,,,,have fun,
built to last,,starts here,,tap the,,,,,,looks easy,,,,,continue watching more series,
2 free,,try it for free,,brush,,,,,,right now,,,,,ai video,
lingerie,,first order,,healthy hair,,,,,,this app,,,,,take the test,
maxi dress,,all free,,this deal,,,,,,get a free,,,,,watching more series,
refresh your look,,swipe left to learn more,,castor oil,,,,,,play games,,,,,casual games,
best looking colored contact,,your first order,,lip gloss,,,,,,simulator,,,,,marketing digital,
link in bio,,off your first order,,scars,,,,,,play right here,,,,,"stream anytime, anywhere",
vintage,,true love,,oily skin,,,,,,free gift code: deerhunter,,,,,this ramadan,
it now,,every day,,based bodyworks,,,,,,gift code: deerhunter,,,,,your free guide,
blue,,try out,,eau de parfum,,,,,,your friends,,,,,office girl,
yours today,,get the app,,discount sale,,,,,,start now,,,,,the right,
for everyday wear,,learn how,,discount today,,,,,,find out,,,,,see what,
buy 3,,learn how to,,clusterlashes,,,,,,challenge your mind,,,,,free shipping,
sweats,,your door,,double discount today,,,,,,play and win,,,,,this app,
your door,,real time tracking,,major double discount today,,,,,,can you figure it out,,,,,get it now,
daily use,,clap to find your phone,,gut health,,,,,,most people,,,,,the test,
easy returns,,drawing app,,thinning hair,,,,,,free tile game,,,,,puzzle,
outerwear,,transform your photos,,microperfumes,,,,,,code: deerhunter,,,,,join the live,
50%off only today,,ar drawing app,,teethwhitening #whiteteeth,,,,,,strategy gameplay,,,,,amazing game,
20 % off,,location tracking app,,tintedbrowgel,,,,,,play today,,,,,your friends,
40%off,,online ai chat,,,,,,,,mini,,,,,try to,
buy now,,remote control,,,,,,,,my friend,,,,,most people,
shop our,,edit photos,,,,,,,,welcome bonus,,,,,ring,
wear it,,edit photos and videos,,,,,,,,watch me,,,,,free trial,
spring,,check out,,,,,,,,survival game,,,,,discover how,
girl,,the right,,,,,,,,"5,000,000 free coins",,,,,time offer,
time offer,,men,,,,,,,,build your roadside empire,,,,,your business,
winterfashion,,try for free,,,,,,,,sign up,,,,,click to read,
built in,,best app,,,,,,,,playing games,,,,,new game,
zip up,,free now,,,,,,,,download to get,,,,,lose weight,
good deal,,download for free,,,,,,,,commute game that’s not boring,,,,,wondering if you’ll get back,
size medium,,cash out,,,,,,,,why is this so hard,,,,,check it out,
see more,,create your own avatar,,,,,,,,get 500 free spins,,,,,it now,
project cloud shoes,,go live,,,,,,,,action pvp shooter,,,,,see it,
are here,,time tracking,,,,,,,,win today,,,,,for real,
for the holidays,,dive in,,,,,,,,get your,,,,,join our,
fabric,,do everything you want,,,,,,,,win big,,,,,free today,
i love this,,25%off,,,,,,,,your phone,,,,,click below,
for daily,,music app,,,,,,,,dive into the fun,,,,,mental health,
click to,,clean your phone,,,,,,,,get real flowers delivered,,,,,see if you qualify,
two piece,,meet people,,,,,,,,please help,,,,,challenge yourself,
v-neck,,"25¢ or $8,000",,,,,,,,clear tiles unlock bigger wins,,,,,homeowners,
matching set,,racing games,,,,,,,,level 7,,,,,log in,
two piece set,,link in bio,,,,,,,,master the traffic flow,,,,,navy seal brother,
buttery soft,,make it,,,,,,,,rule the city streets,,,,,play to win real money,
baggy jeans,,helps you,,,,,,,,rule the galaxy,,,,,casual mini-games,
use code: ae15,,download the app now,,,,,,,,for free now,,,,,tap below to get started,
click to see,,you try,,,,,,,,create your own,,,,,get ready,
yogapant,,for women,,,,,,,,earn rewards,,,,,starts here,
perfect for daily use,,free download now,,,,,,,,playing now,,,,,get started,
click to see more,,live now,,,,,,,,block puzzle,,,,,now streaming,
stickybra,,play games,,,,,,,,mahjong puzzle,,,,,love story,
frames,,transform your look instantly,,,,,,,,"6,000,000 welcome free coins",,,,,stand up,
minimizer bra,,tap here,,,,,,,,tap to build,,,,,see if you,
perfect natural lenses,,find love,,,,,,,,download today,,,,,for fun,
for summer,,my sister,,,,,,,,choose your,,,,,every sunday,
yours now,,buy and sell,,,,,,,,download the game,,,,,new album,
girls,,for $0/month,,,,,,,,download now and play,,,,,tickets are on sale now,
in style,,perfect 4k wallpaper,,,,,,,,music game,,,,,left or right,
friday sale,,tap to watch the drama,,,,,,,,addictive gameplay,,,,,find out if you qualify,
know what,,know what,,,,,,,,can you solve this level,,,,,home equity program,
ladies,,peace of mind,,,,,,,,fight zombies and escape,,,,,this video,
come in,,100 % free,,,,,,,,new characters,,,,,check out the,
get them,,listen to,,,,,,,,train your iq,,,,,see this,
off sitewide,,free trial today,,,,,,,,get 30 billion diamonds,,,,,level up,
selling out,,much fun,,,,,,,,get free,,,,,help me,
limited time offer,,so much fun,,,,,,,,chance to win,,,,,come join,
grab them,,your love,,,,,,,,easy to play,,,,,your husband,
activewear,,earn money,,,,,,,,can you pass,,,,,free download,
hat,,your summer,,,,,,,,stride toward dreams as one,,,,,click to continue watching,
your phone,,real money,,,,,,,,download and play for free,,,,,earn up,
for daily use,,photos and videos,,,,,,,,brain teaser,,,,,get cash,
hats,,bad haircut insurance,,,,,,,,build legendary robots,,,,,if i never loved you,
scrubs,,zero fees,,,,,,,,epic 2025 game,,,,,super satisfying,
hands down,,15% off,,,,,,,,are you ready,,,,,apocalyptic wasteland,
midsize,,before growing your hair,,,,,,,,game on,,,,,game trading,
size m,,start watching,,,,,,,,it's time,,,,,click the,
exclusive offer,,continue watching more series,,,,,,,,log in,,,,,click the link,
ai glasses,,tracking app,,,,,,,,see how,,,,,50 %off,
fleece lined,,edit videos,,,,,,,,your turn,,,,,try this,
full coverage,,watching more series,,,,,,,,for all ages,,,,,now available,
widelegpants,,ar drawing for free,,,,,,,,all ages,,,,,miss this,
baggysweats,,location tracking,,,,,,,,cash now,,,,,for kids,
yoga pants,,meet girls online,,,,,,,,helps you,,,,,helps you,
2 get 2 free,,creat stunning photos in seconds,,,,,,,,win the game,,,,,your baby,
zip up hoodie,,gps for your safe,,,,,,,,clear tiles,,,,,san diego,
gold plated,,need cash,,,,,,,,please download,,,,,get 50% off,
moissanite earrings,,type faster on the go,,,,,,,,best puzzle game,,,,,true love,
5’8 160 size m,,watch the rest,,,,,,,,football game,,,,,weight loss,
leather,,one click,,,,,,,,great mind relaxer,,,,,my boyfriend,
limited stock,,sign up today,,,,,,,,simulator game,,,,,test your skills,
every occasion,,choose your,,,,,,,,brain needs exercise too,,,,,heads up,
new arrivals,,start your free,,,,,,,,hardcore game,,,,,clean up,
grab yours now,,your free trial,,,,,,,,rescue survivors,,,,,keep playing,
fast shipping,,shop now,,,,,,,,share this,,,,,raise virtual pets,
grab it,,this amazing,,,,,,,,pvp,,,,,world's most popular casual games,
keep it,,play now,,,,,,,,slot games,,,,,"monday, feb",
sale ends tonight,,real life,,,,,,,,play,,,,,winter,
chain,,connect,,,,,,,,mobile game,,,,,join now,
glove,,download the app today,,,,,,,,best game,,,,,real life,
special offer,,ai assistant,,,,,,,,time offer,,,,,click here to,
tracksuit,,download now and start,,,,,,,,build your own,,,,,limited time offer,
early black friday,,make money,,,,,,,,game of the year,,,,,short drama,
for the girls,,transform your hair in seconds,,,,,,,,billion diamonds,,,,,enter to win,
overalls,,amazing app,,,,,,,,earn extra money,,,,,most popular,
one size,,ar draw,,,,,,,,try to survive,,,,,credit card,
27% off,,try listening to books today,,,,,,,,clear all the tiles,,,,,earn money,
tops,,this amazing app,,,,,,,,tame him,,,,,free episodes,
loafers,,design your dream,,,,,,,,fight and test your skill,,,,,watch the video,
perfect dress,,join blk,,,,,,,,simulation game,,,,,love this game,
midsizefashion,,design your dream home,,,,,,,,install now,,,,,trading cards,
size down,,in cash,,,,,,,,you win,,,,,click to read more about,
4 free,,make beats on the go,,,,,,,,come back,,,,,s harder than you think,
high waisted,,short on cash,,,,,,,,tap the,,,,,get cash today,
travelbag,,interior designer,,,,,,,,enjoy free,,,,,,
free now,,limited time,,,,,,,,racing,,,,,,
baggy sweatpants,,free on,,,,,,,,defense game,,,,,,
sports bra,,descarga la app,,,,,,,,new players,,,,,,
cloud shoes,,don't miss out,,,,,,,,solve puzzles,,,,,,
colored lenses,,more fun,,,,,,,,tower defense,,,,,,
coolest contacts for the holidays,,cash app,,,,,,,,at work,,,,,,
push-up,,wallpapers,,,,,,,,want to play,,,,,,
now available,,new friends,,,,,,,,stress reliever,,,,,,
you guys,,pay off,,,,,,,,word games,,,,,,
60 % off,,meet your soulmate,,,,,,,,hit the jackpot,,,,,,
belt,,start watching now,,,,,,,,game now for free,,,,,,
i love it,,ai interior design app,,,,,,,,1 mahjong game,,,,,,
turn heads,,find your phone,,,,,,,,do you want to play,,,,,,
feel good,,fun communication,,,,,,,,life-saving technology,,,,,,
every single,,best ai interior design app,,,,,,,,play more word games,,,,,,
this deal,,build credit,,,,,,,,play your favorite songs,,,,,,
3 pack,,no bots,,,,,,,,super fun,,,,,,
put it,,trusted by millions,,,,,,,,play free now,,,,,,
tee,,live streams,,,,,,,,fun game,,,,,,
2-piece,,watch for free,,,,,,,,the end,,,,,,
formal,,discover exciting live streams,,,,,,,,amazing game,,,,,,
springfashion,,meet your dream now,,,,,,,,at night,,,,,,
lounge set,,save food,,,,,,,,fun to play,,,,,,
soft fabrics,,level up,,,,,,,,free games,,,,,,
smartwatch,,check it,,,,,,,,real life,,,,,,
bodysuitshapewear,,up now,,,,,,,,tap to play instantly,,,,,,
crossbodybag,,try it out,,,,,,,,chase your dreams together,,,,,,
organic cotton,,new favorite,,,,,,,,high score,,,,,,
size xs,,women,,,,,,,,best survival game,,,,,,
buy 2 get 2,,easy to use,,,,,,,,can you last 15 minutes,,,,,,
get 4 free,,next level,,,,,,,,claim the red planet,,,,,,
,,save money,,,,,,,,low-poly shooter,,,,,,
,,your free trial today,,,,,,,,ultimate low-poly shooter,,,,,,
,,live video chat,,,,,,,,,,,,,,
,,puzzle,,,,,,,,,,,,,,
,,perfect match,,,,,,,,,,,,,,
,,transform your hair,,,,,,,,,,,,,,
,,transform your look,,,,,,,,,,,,,,
,,hair in seconds,,,,,,,,,,,,,,
,,meet new people,,,,,,,,,,,,,,
,,clap to find,,,,,,,,,,,,,,
,,meet new friends,,,,,,,,,,,,,,
,,free today only,,,,,,,,,,,,,,
,,watching now,,,,,,,,,,,,,,
,,bible study,,,,,,,,,,,,,,
,,click to continue watching,,,,,,,,,,,,,,
,,create your viral dance video,,,,,,,,,,,,,,
,,0/month,,,,,,,,,,,,,,
,,phone service,,,,,,,,,,,,,,
,,universal remote,,,,,,,,,,,,,,
,,windows,,,,,,,,,,,,,,
,,christmas,,,,,,,,,,,,,,
,,check it out,,,,,,,,,,,,,,
,,stay on,,,,,,,,,,,,,,
,,take your,,,,,,,,,,,,,,
,,join our,,,,,,,,,,,,,,
,,try free,,,,,,,,,,,,,,
,,tap in,,,,,,,,,,,,,,
,,come back,,,,,,,,,,,,,,
,,for free now,,,,,,,,,,,,,,
,,discover more,,,,,,,,,,,,,,
,,free to use,,,,,,,,,,,,,,
,,the next level,,,,,,,,,,,,,,
,,this ai app,,,,,,,,,,,,,,
,,chat app,,,,,,,,,,,,,,
,,your child's,,,,,,,,,,,,,,
,,take the first step,,,,,,,,,,,,,,
,,cleanyourgallery,,,,,,,,,,,,,,
,,transform your screen,,,,,,,,,,,,,,
,,clean your phone in seconds,,,,,,,,,,,,,,
,,transform your voice,,,,,,,,,,,,,,
,,need quick cash,,,,,,,,,,,,,,
,,rip packs,,,,,,,,,,,,,,
,,got you,,,,,,,,,,,,,,
,,one tap,,,,,,,,,,,,,,
,,download it,,,,,,,,,,,,,,
,,never miss,,,,,,,,,,,,,,
,,download it now,,,,,,,,,,,,,,
,,for free today,,,,,,,,,,,,,,
,,no ads,,,,,,,,,,,,,,
,,start earning,,,,,,,,,,,,,,
,,from home,,,,,,,,,,,,,,
,,60 % off,,,,,,,,,,,,,,
,,low prices,,,,,,,,,,,,,,
,,connect instantly,,,,,,,,,,,,,,
,,phone number,,,,,,,,,,,,,,
,,transform your home,,,,,,,,,,,,,,
,,up to 60%off,,,,,,,,,,,,,,
,,caller id app,,,,,,,,,,,,,,
,,watch out,,,,,,,,,,,,,,
,,live wallpapers,,,,,,,,,,,,,,
,,clean up your inbox now,,,,,,,,,,,,,,
,,click to read,,,,,,,,,,,,,,
,,dashers and drivers,,,,,,,,,,,,,,
,,loan,,,,,,,,,,,,,,
,,best music app,,,,,,,,,,,,,,
,,cleaner guru,,,,,,,,,,,,,,
,,don’t know what to take,,,,,,,,,,,,,,
,,kissing the wrong brother,,,,,,,,,,,,,,
,,learn spanish,,,,,,,,,,,,,,
,,"stream anytime, anywhere",,,,,,,,,,,,,,
,,"shop local, save big",,,,,,,,,,,,,,
