Apparel,Beauty_Personal_Care,Financial_Services,Food_Beverage,Home Improvement,Tech_Electronics,Vehicle_Transportation
tiktok shop black friday,advent calendar,entrepreneur life,novel,christmas decor,innovation,bus
tiktok shop holiday haul,bath and body works,financial literacy,christmas cookies,christmas tree,headphones,digrigs🌾
christmas gift ideas,hyperpigmentation,earn money from home,bartender,christmas 2025,iphone 17 pro max,cold start
tiktok shop cyber monday,esthetician tiktok,trader,hot chocolate,christmas countdown,iphone 17,jump starter
gift ideas,glitter,credit repair,gingerbread house,christmas lights,flashlight,clean 🧼
black friday,blush,futures,soup,christmas time,vacuum,stuck
gifts,winter nails,futures trading,gingerbread,tis the season,airpods,trains
winter fashion,gua sha,shopify,tamales,blanket,massager,car hack
christmas gift,brows,work from phone,soup season,decoration,heater,tire
gift idea,ulta beauty,credit score,fig,christmas tok,hand warmers,drivers license
christmas gifts,gifted,wealth mindset,christmas baking,christmas vibes,jbl,s550
stocking stuffer,hair product review,settlement,pho,holiday decor,tablet,dumper
holiday season,medicube skincare,make money from your phone,my fiction,nutcracker,cool gadgets,diesel truck
gifts for her,kitsch,wealthy,holiday drinks,christmas decorations,fanttik,glamis
target,advent calendar opening,sahm jobs,thanksgiving dinner,christmas decorating,walkie talkie,wrapping
hoodie,cabello sano,cost of living,nespresso,daily necessities,macbook,roadside assistance
gifts for him,red light therapy,small business tips,tender nism,life essentials,humidifier,diesel trucks
boots,tirtir,educación financiera,sweet potato,creative items,heating pad,squattted trucks🤢
christmas shopping,red nails,跨境电商运营,morning coffee,christmas traditions,noise cancelling,amtrak
black friday deals,bella vita,online money,holiday treats,navidad 2025,privacy,waymo
holiday countdown,skin 1004,跨境电商 tiktok,hot cocoa,christmas tiktok,cctv,123 million views
chanel,makeup bag,cash envelopes,dumplings,christmas tree decorating,black friday 2025,made in japan
cold weather,free forms,跨境电商创业,mac and cheese,christmas spirit,space heater,wanghaf
tiktok shop fall deals for you,cosmetology school,无货源 跨境电商,sugar cookies,christmas season,dji osmo pocket 3,street outlaws
holiday gifts,holiday makeup,跨境电商喜欢可以关注我,heb,candle,new phone,old lady on tiktok
sweater,crecimiento de pelo,income,charcuterie,it's time,home tech,bus driver
jacket,mens fragrance,living trust,christmas treats,vintage christmas,honor,luces led
wishlist,mens cologne,debt payoff journey,homemade food,diamond painting,alarm,tire inflator
quarter zip,dyson air wrap,micropayments,costco find,arbol de navidad,hand warmer,cboystv
stocking stuffers,calendario de adviento,cvs couponing,chili,decorating,steam iron,aston martin
socks,hair product,refunds,pomegranate,christmas is coming,wireless charging,yakima
sweater weather,cambio de look,side hustle secrets,cocktail,navidad en familia,audífonos,dakota
holiday party,tymo beauty,money management,christmas drinks,diy christmas,bose,bandit
gift for her,lip care,ahorra dinero,pie,pink christmas,wifi extender,no prep kings
christmas outfit,holiday hair,amex,holiday recipes,christmas ornaments,magnetic power bank,faba
winter outfit,productos de cabello,money hacks,7 brew coffee,cozy christmas,electric screwdriver,6 blow
urban chic,faded,usa update,making,christmas aesthetic,voice recorder,bel air
stocking stuffer ideas,dyson,cvs deals,kitchenaid,home design,knee massager,road glide
christmas list,retinol,bnb,banana pudding,christmas diy,ecoflow,vehicle accessory
ornaments,cateye nails,entrepreneur journey,little debbie,candy cane,charging station,sema
target finds,maintenance day,caleb hammer,pozole,heated blanket,waterproof speaker,usdt 兑换
regalos,snowflakes,rich mindset,decompress,fireplace,mini phone,road runner
tiktok black friday,pdrn,financial tips,water boy,holiday lights,audífonos bluetooth,yozma
gift ideas for her,bella vita luxury,top step,la foodie,gingerbread man,putare,car humor
slippers,cosrx,tax preparer,red bull advent calendar,diamond art,mixer,четырка
gift for him,her fantasy box,ecommerce tips,leftovers,decorations,17 pro max,road safety
holiday gift ideas,beauty hack,micropayment,mac n cheese,hosting,dreame,prelude
invierno,she glam,financial audit,little debbie christmas tree cakes,holiday cheer,vlogging camera,alto
christmas wishlist,hair products you need,realtor tips,cookie butter,home for the holidays,blood pressure check,car dealer
warm,lash serum,life insurance agent,christmas dinner,rent,noise cancelling headphones,406
moody aesthetic,numbuzin,payout,flan,cabin,tiktok shop black friday 2025,windshield cover
christmas sweater,hair dryer,financial freedom journey,dumpling,christmas trees,android tablet,jump start
vendor,jeffree star,affordability,breakfast recipes,nontoxic,portable wifi,goodyear
winter boots,winter skincare,ingresos extra,custom cakes,christmas village,bocina,flame thrower
holiday outfit,eyeshadow palette,budget tok,christmas recipe,christmas blanket,bluetooth headphones,автобус
looks,l'oreal paris partner,exchange,sugar cookie,christmas finds,skullcandy,smokey and the bandit
comfort,holiday glam,prop firm,appetizer,garland,thermal printer,hydraulic
brandy,mirror pic,hidden clearance,cookware,street art,work light,stolen car
present,stocking stuffers for her,swing trading,kitchenaid mixer,pink mas,aspiradora,billionaires
christmas gift idea,cosmetology student,cashback,sardines,decoracion navideña,rechargeable hand warmers,united airlines
halara,gray hair,venture capital,homemade bread,mi casa,camping light,суета
sweatpants,makeup hack,open enrollment,chocolate chip cookie,wreath,hand massager,american chopper
cowgirl style,skincare coreano,entrepreneur,tiramisu,ornament,alarm clock,ship life
holiday gift guide,estee lauder,consulting,coquito,amazon bathroom,electric scissors,g80 m3
southern belle,winter makeup,work from home tips,christmas food,luxury real estate,flash drive,ride on
nyc style,covergirl,investment banking,christmas dessert,staten island,jbl speaker,propane
fit checks,peter thomas roth,трейдинг,peppermint mocha,window cleaning,tech gifts,arctic cat
baddie alert,lip kit,trusts,christmas tree cakes,lowes,cctv camera,audi s4
knitting,shark flex style,global economy,christmas candy,diy christmas decor,pink ipad,ratchet straps
texas beauty,грвм,va loan,ninja crispy,tree decorating,gan charger,see see
wrapping gifts,loctician,cold calling,fruity pebbles,ralph lauren christmas,microfonos,lml duramax
sunset aesthetic,centella,business idea,ninja sushi,christmas cheer,led flashlight,maquina
christmas pajamas,loc gang,protect your family,la eats,kitchenware,massage gun,car organizer
festive,clean skin club,trading mindset,dill pickle,deck the halls,rechargeable lights,socket set
holiday deals,gray market,xau usd,oysters,amazon genius find,cctv footage,electric dirt bike
grunge glam,laser hair removal,work from your phone,christmas coffee,cozy blanket,portable printer,330i
rainy day look,silk press natural hair,financial advisor,love in a bottle,blanket life,mini printer,duckduck jeep
indoor beauty,eye patches,digital transformation,christmas cocktails,makeup vanity,starlink,850
us beauty,grey hair,inflación,pizza hut,it's beginning to look a lot like christmas,kindle paper white,kmc
california girl,nighttime skincare,ai trading,kitchen gadget,florida real estate,honor x7d,holiday train
presents,choco musk,home buying 101,apples,holiday aesthetic,high tech gadgets,ratchet strap
black friday sale,l'oreal paris makeup,payments,cookbook,for rent,tablet bundle,seat cushion
city glam,ghkcu,christmas budget,cookie recipe,christmas garland,action camera,cms
wild heart,dossier,ai agency,holiday food,led mirror,teant,automotive must haves
waterproof,accutane,american express,deviled eggs,tiktok christmas,wyze cam,rocco
california dreamin,blow dryer,money habits,baking szn,stairs,gadget finds,ice road truckers
matching pjs,glitter nails,seguro médico,tamales mexicanos,weighted blanket,ipad girly,top gear
long sleeve,hand cream,women in finance,snack plate,christmas light,honor x9d,lean rig
boots and hats,makeup challenge,tax planning,charcuterie board,christmas wreath,hxdiw,steel body
bag smart,lush,credit education,pregnancy craving,cozy nights,digital,c63s
miami nights,cyklar,ryan serhant,fried rice,owning manhattan,iphone repair,cordless life
varsity,color gram,finanzas personales,buffalo wild wings,christmas inspo,ocoopa,portable jump starter
beanie,mini fridge,agente de seguros,cranberry,xmas tree,myq,21099
fall freshness,advent calendar 2025,trading motivation,cookie dough,trash can,flip phone,women over 60
fashion show,redness relief,data driven,christmas recipes,arbolito de navidad🌲,compact charger,mud mower
coat,beauty of joseon,illinois homes,cookie butter latte,christmas tree decor,acer,chemical guys
latina vibes,project pan,student loan lawyer,old fashioned,outdoor lights,vacuum mop,lisen
winter outfits,blonde to brunette,consumer rights,cookie tok,lantern,viral tech,diesel heater
hoodies,laura geller beauty,ai receptionist,dutch oven,christmas tree farm,electric heater,genesis coupe
temu,brow tint,灰产偏门,coffee maker,luces navideñas,kids tablet,restauracion
