Apparel,Beauty_Personal_Care,Business_Services,Financial_Services,Food_Beverage,Home Improvement,Tech_Electronics,Vehicle_Transportation
tiktokshopholidayhaul,slime,tailorbrands,makemoneyonline,brookeandjubal,reset,innovation,squattedtrucks🤢
tiktokshopblackfriday,nailtok,,entrepreneurlife,sourdough,christmasmagic,ipad,carcrash
christmashaul,christmasnails,,taxes,seconddateupdate,navidad2025,phonecharger,drift
tiktokshopcybermonday,antiaging,,taxseason,seconddate,homefinds,kindle,wrapped
verão,dollartree,,personalfinance,chickfila,antique,airpods,cross
holidayhaul,dollartreefinds,,moneymindset,tacos,diamondpainting,flashlight,clean🧼
christmasgiftideas,drmelaxin,,womeninbusiness,costco,declutter,verizon,usmilitary
christmasgifts,glittermakeup,,earnmoneyfromhome,kitchenhacks,nutcracker,wifi,gmt800
christmasgift,naturalglow,,lifeinsurance,bread,homeorganization,heater,vision
crochet,oil,,savings,sourdoughbread,rug,applewatch,emoto
gifts,hydration,,irs,drpepper,newconstruction,jbl,carcare
thrifting,blush,,tax,sourdoughstarter,diamondart,3dprinter,digrigs🌾
thrift,bald,,shopify,7brew,homedesign,spaceheater,carhacks
tiktokholidayhaul,hairflip,,homebuyingtips,gingerbreadhouse,christmasspirit,kindlegirlie,towing
winterfashion,redlighttherapy,,walgreens,fig,homefortheholidays,rechargeable,expensive
bikinibabe,crecimientodepelo,,entrepreneurmindset,costcofinds,antiques,heatingpad,jumpstarter
swimwearmodel,productosdecabello,,savingschallenge,highproteinmeals,mattress,bambulab,wrapping
bikinilove,pressons,,contentstrategy,hotchocolate,wallart,robotics,dieselmechanic
beachykeen,basedbodyworks,,taxrefund,healthymeals,bathroommakeover,айфон,automotivemusthaves
blackfriday,косметика,,taxtips,christmasdinner,decluttering,pinkipad,l5p
holidayseason,slimeasmr,,sidegigs,juice,organizer,handwarmers,driverslicense
grinchmas,prpackage,,micropayments,girldinner,comforter,cctv,usanavy
presents,french,,financialeducation,sourdoughtok,fireplace,4in1armrestcharger,snowremoval
reseller,peekaboo,,livingtrust,sweetpotato,bathroomdecor,wifiextender,bubba
chanel,freeforms,,costofliving,dumplings,forrent,steamiron,glamis
giftsforhim,holidaynails,,retirementplanning,wholefoods,propertymanagement,osmopocket3,usnavy
urbanchic,settingspray,,finances,shawarma,mold,kneemassager,coldstart
sales,dysonairwrap,,settlement,nespresso,nontoxicliving,kindleaccessories,fix
christmasshopping,whiteningstrips,,impuestos,trenting,amazonbathroom,honormagic8pro,flames
southerncharm,dyson,,savemoneytips,tendernism,fauxfurcomforter,cable,trx
regalos,bodywash,,financialplanning,courtneycook,lowes,tws,squatttedtrucks🤢
californiadreamin,winternails,,integrity,spaghetti,kitchendecor,portablewifi,daytona
present,cameraroll,,moneymanagement,popcorn,candycane,contentcreatortools,squatedtrucks🤮
thriftfinds,hairproduct,,financetok,breadtok,resetroutine,ipadcase,yozma
coldweather,skin1004,,sidemoney,bajablast,targetchristmasbedding,hightechgadgets,toyotatacoma
pacificnorthwest,cuidadohair,,debtpayoffjourney,kitchenaid,amazonfind2025,kindlepaperwhite,odessa
softaesthetic,barbertok,,estateplanning,hotcocoa,amazongeniusfind,vloggingcamera,waymo
winteroutfit,microneedling,,businessmindset,carnivore,cozyfleeceblanket,miniphone,carmusthaves
metaglasses,eyecream,,worksmarternotharder,keto,winniethepoohblanket,electrictoothbrush,chipeo
moodyaesthetic,projectpan,,taxtok,babyfood,texasrealestate,sleepheadbandwithbluetooth,quattro
cleanaesthetic,2016makeup,,economia,hibachi,organizing,bluetoothheadphones,carmount
wildheart,hairremoval,,debtfreecommunity,savory,christmaslightshow,worklight,caraccessoriesforwomen
bootsandhats,ycz,,entrepreneurtok,7brewcoffee,homemadechristmasornaments,magneticcharger,s650
sparkleandshine,lashserum,,highticketsales,holidaydrinks,moveinready,starlink,vehicleaccessory
pandora,christmasmakeup,,trusts,sourdoughforbeginners,usefulkitchenproducts,handmassager,123millionviews
cutevibes,skinbarrier,,taxprofessional,waterboy,mattresstopper,ledscreen,carknowledge
holidayhustle,cateyenails,,businesstok,foodreviews,bathroomremodel,blackfriday2025,carsforsale
cowgirlstyle,columbiasc,,topstep,fromscratch,practicalhomegoods,lightergadget,wreck
knitting,greymarket,,economía,spicybowls,homemaintenance,standmixer,girlswhoride
southernbelle,pixie,,taxpreparer,breville,homeinspection,hometheater,usairforce
temu,ghkcu,,daytradingtips,pomegranate,mellowsleep,ipada16,gmt900
nycstyle,dollartreehaul,,cpa,latteart,oversizedcomforter,creality,atc
baddiealert,hairaccessories,,fintok,chinatown,antiquestore,videowalkietalkie,sprinter
nyeoutfit,бьюти,,buildinpublic,juicing,cuttingboard,7in1chargingstation,cinematicvideo
warm,selftan,,rizzmas,homemadebread,trashcan,actioncamera,offroadtiktok
goodwill,peekaboohair,,mortgagerates,lasagna,cleaningtoolsyouneed,compactyetpowerful,modified
rainydaylook,thinninghair,,banking,christmasfood,closetorganizers,officeessentials,dumper
grungeglam,dermatologist,,founderlife,birthdaydinner,homeglowup,desktop,femaletrucker
indoorbeauty,holidaymakeup,,nospendchallenge,sourdoughbaking,texashomes,vacuummop,highclass
allblack,nailsdesign,,interestrates,christmastreats,afterchristmas,rechargeablelights,airbrush
texasbeauty,russianmanicure,,incometax,daveshotchicken,zgalleriedecor,techdeals,f80
sunsetaesthetic,sendsounds,,moneyhabits,kitchengadgetmusthave,candlewarmer,smartphonekids,carsoftiktok😈
californiagirl,howtogetpr,,brandbuilding,accomplishmentcake,reusablekitchenproducts,skullcandy,madeinjapan
cityglam,colormixing,,familydollar,coffe,bathroomupgrade,4in1selfiestickwithfilllighttripod,tireinflator
miaminights,lashlift,,finacialfreedom,oysters,interiorinspo,telephone,barnfind
usbeauty,грвм,,tradingpsychology,enchiladas,christmaslight,electricgear,carjumpstarter
christmaspresents,teethwhiteningstrips,,blackrock,soupdumplings,holidayhosting,fastcharge,seatcushion
latinavibes,sharkflexstyle,,propfirm,dintaifung,arboldenavidad,datacenter,carbuild
holidayparty,laserhairremoval,,fed,appetizer,coolingpillowcases,headphonesforsleeping,snowplow
giftideasforher,eyepatches,,affordability,breakfasttime,cabinets,mobilephoneglass,cleetusmcfarland
nightlifebeauty,grayhair,,childtaxcredit,shirleytemple,hobbylobbyfinds,voicerecorder,airbus
blackfridaydeals,winterskincare,,realestateeducation,coffeebar,realestatetok,stagelighting,hoverboard
coachbag,shave,,financialdiscipline,koreanbbq,deko,smarttech,n55
gloves,drmelaxinpeelshot,,currency,southerncalifornia,linensheetsbenefits,webcam,chipeo12voltio
stockingstufferideas,cleanskinclub,,ecommercetips,eggnog,homedecorfinds,sharkvacuum,carplayscreen
matchingpjs,hydraulicpress,,digitalbusinesscard,pregnancycraving,hometok,vacuumsealer,svj
tiktokshopholidayhual,glowymakeup,,budgettok,hallacas,houseforrent,portablenebulizer,maybach
promisering,prbrands,,taxreturn,kitchenaidmixer,christmascheer,handwarmer,roadrunner
needlepoint,cosmetologystudent,,budgetplanner,grocerystore,diamondpaintingaddict,ereader,tirerepair
activewear,lush,,tradingmindset,breadmaking,indoor,usbdrive,quantum
whiteelephant,conditioner,,savingtips,snackplate,bestblankets,munbyn,dakota
christmasgiftidea,holidayhair,,bnb,granola,diamondartclub,gadgetlife,n54
holidayshopping,sensitiveskincare,,systems,holidayrecipes,micasa,microfonos,snowblower
babyessentials,cyklar,,savingchallenge,supermarket,tufting,kindlecase,landing
vendor,handsanitizer,,itin,12grapes,bobsburgersblanket,bestblackfriday,partybus
stockingstuffer,browartist,,taxtime,starter,fridge,basemo,f10
shopnow,hairproductsyouneed,,ahorrar,coquito,pvc,thermalcamera,brakes
onlineshopping,prbrandemails,,taxseason2025,kimchi,seedstarting,miniheater,starlights
christmashaul2025,lipmask,,mambafx,yogurtbowl,spacesaver,hxdiw,caraccessorymusthave
winterfit,gopure,,tradingjourney,ninjaslushi,sweethomedecor,electricheater,sqauttedtrucks🤮
womenssweatshirtset,begginernailtech,,consumerrights,mealplan,potsandpans,cctvcamera,газ
tiktokcreatorpicks,centella,,traderlife,poptarts,christmastiktoks,ios26wallpaper,leanrig
cozyloungewearset,athomenails,,easysidehustle,customcakes,declutterwithme,earmuffheadphones,rs3
unisexsweatsuits,newyearsnails,,realestatejourney,savorygirl,dollartreediy,skyfire,restored
12daysofchristmas,colognetok,,usaupdate,ihop,homeimprovements,audiophile,richmindset
rebrand,sub5,,refinance,christmasdessert,buildingmaterials,thermalimaging,frs
winterboots,touchland,,customersuccess,mealplanning,generalcontractor,waterproofphoneholder,tacoma4x4
chromehearts,esteticista,,floridarentals,chicfila,tuftedcomforter,waterheater,snowplowing
floralhoodie,ultabeautyworld,,debtrelief,camarones,candycanelane,newenergy,toyotatundra
allblackfit,invisalign,,vendingmachinebusiness,dairyqueen,strangerthingsblanket,octobuddy,paintjob
